mtllib 3floor.mtl
o _(Loose_Entity)006
usemtl PB090716_storona
v 5.706599235534668 9.456731796264648 16.495481491088867
v 5.5494794845581055 0 -16.537086486816406
v 5.54947566986084 -0.0000046852474042680115 16.338354110717773
v -5.7254319190979 -0.000006693210707453545 16.338350296020508
v -5.882562637329102 9.4567289352417 16.4954776763916
v -5.882558345794678 9.456733703613281 -16.694215774536133
v -5.72542667388916 -0.0000020079633031855337 -16.537090301513672
v 5.706603527069092 9.45673656463623 -16.6942138671875
v -5.7254319190979 0.7302266359329224 16.338350296020508
v -5.7254319190979 0.7302266359329224 16.338350296020508
v 5.54947566986084 0.7302286028862 16.338354110717773
v 5.54947566986084 0.7302286028862 16.338354110717773
v -5.72542667388916 0.7302312850952148 -16.537090301513672
v -5.72542667388916 0.7302312850952148 -16.537090301513672
v 5.5494794845581055 0.7302333116531372 -16.537086486816406
v 5.5494794845581055 0.7302333116531372 -16.537086486816406
v -5.72543478012085 9.100302696228027 16.338350296020508
v -5.72543478012085 9.100302696228027 16.338350296020508
v -5.72543478012085 9.100302696228027 16.338350296020508
v 5.54947566986084 9.100309371948242 -16.537086486816406
v 5.54947566986084 9.100309371948242 -16.537086486816406
v -5.725430965423584 9.100306510925293 -16.53708839416504
v -5.725430965423584 9.100306510925293 -16.53708839416504
v 5.549471378326416 9.10030460357666 16.338354110717773
v 5.549471378326416 9.10030460357666 16.338354110717773
v 5.54947566986084 0.5605077147483826 16.338354110717773
v 5.54947566986084 0.5605077147483826 16.338354110717773
v -5.72542667388916 0.5605103969573975 -16.537090301513672
v -5.72542667388916 0.5605103969573975 -16.537090301513672
v -5.7254319190979 0.5605056881904602 16.338350296020508
v -5.7254319190979 0.5605056881904602 16.338350296020508
v 5.5494794845581055 0.5605124235153198 -16.537086486816406
v 5.5494794845581055 0.5605124235153198 -16.537086486816406
v -5.725429534912109 -0.000004214822183712386 -1.0520013570785522
v -5.725429534912109 0.7302291393280029 -1.0520013570785522
v -5.725429534912109 0.7302291393280029 -1.0520013570785522
v -5.725429534912109 0.5605081915855408 -1.0520013570785522
v -5.725429534912109 0.5605081915855408 -1.0520013570785522
v -5.725429534912109 -0.000004471641204872867 0.750045895576477
v -5.725429534912109 0.7302289009094238 0.750045895576477
v -5.725429534912109 0.7302289009094238 0.750045895576477
v -5.725429534912109 0.5605078935623169 0.750045895576477
v -5.725429534912109 0.5605078935623169 0.750045895576477
v 5.549477577209473 -0.0000022066572000767337 -1.0534172058105469
v 5.549477577209473 0.7302311658859253 -1.0534158945083618
v 5.549477577209473 0.7302311658859253 -1.0534158945083618
v 5.549477577209473 0.5605101585388184 -1.0534158945083618
v 5.549477577209473 0.5605101585388184 -1.0534158945083618
v 5.5494771003723145 -0.0000024602009034424555 0.7256478071212769
v 5.5494771003723145 0.7302308678627014 0.7256484627723694
v 5.5494771003723145 0.7302308678627014 0.7256484627723694
v 5.5494771003723145 0.5605099201202393 0.7256484627723694
v 5.5494771003723145 0.5605099201202393 0.7256484627723694
v -5.725430965423584 3.2921173572540283 -1.0520013570785522
v -5.725430965423584 3.2921173572540283 0.750045895576477
v 5.549476146697998 3.2921199798583984 -1.0534158945083618
v 5.549476146697998 3.2921197414398193 0.7256484627723694
v -5.725429534912109 -0.000004214822183712386 -1.0520013570785522
v -5.725429534912109 -0.000004471641204872867 0.750045895576477
v 5.549477577209473 -0.0000022066572000767337 -1.0534172058105469
v 5.5494771003723145 -0.0000024602009034424555 0.7256478071212769
v -5.725430965423584 3.2921173572540283 -1.0520013570785522
v -5.725430965423584 3.2921173572540283 -1.0520013570785522
v -5.725430965423584 3.2921173572540283 0.750045895576477
v -5.725430965423584 3.2921173572540283 0.750045895576477
v 5.549476146697998 3.2921199798583984 -1.0534158945083618
v 5.549476146697998 3.2921199798583984 -1.0534158945083618
v 5.549476146697998 3.2921197414398193 0.7256484627723694
v 5.549476146697998 3.2921197414398193 0.7256484627723694
v -5.842876434326172 -0.000004471641204872867 0.750045895576477
v -5.842876434326172 -0.000004471641204872867 0.750045895576477
v -5.842876434326172 -0.000004214822183712386 -1.0520013570785522
v -5.842876434326172 -0.000004214822183712386 -1.0520013570785522
v -5.8428778648376465 3.2921173572540283 -1.0520013570785522
v -5.8428778648376465 3.2921173572540283 -1.0520013570785522
v -5.8428778648376465 3.2921173572540283 -1.0520013570785522
v -5.8428778648376465 3.2921173572540283 0.750045895576477
v -5.8428778648376465 3.2921173572540283 0.750045895576477
v -5.8428778648376465 3.2921173572540283 0.750045895576477
v 5.666924953460693 -0.0000022066572000767337 -1.0534172058105469
v 5.666924953460693 -0.0000022066572000767337 -1.0534172058105469
v 5.666924953460693 -0.0000024602009034424555 0.7256478071212769
v 5.666924953460693 -0.0000024602009034424555 0.7256478071212769
v 5.666923522949219 3.2921199798583984 -1.0534158945083618
v 5.666923522949219 3.2921199798583984 -1.0534158945083618
v 5.666923522949219 3.2921199798583984 -1.0534158945083618
v 5.666923522949219 3.2921197414398193 0.7256484627723694
v 5.666923522949219 3.2921197414398193 0.7256484627723694
v 5.666923522949219 3.2921197414398193 0.7256484627723694
v -5.882562637329102 9.327613830566406 16.4954776763916
v -5.882562637329102 9.327613830566406 16.4954776763916
v -5.806946277618408 9.22941780090332 16.419862747192383
v -5.806946277618408 9.22941780090332 16.419862747192383
v 5.63098669052124 9.229424476623535 -16.61859703063965
v 5.63098669052124 9.229424476623535 -16.61859703063965
v 5.706603527069092 9.327620506286621 -16.6942138671875
v 5.706603527069092 9.327620506286621 -16.6942138671875
v -5.806941986083984 9.229421615600586 -16.618600845336914
v -5.806941986083984 9.229421615600586 -16.618600845336914
v -5.882558345794678 9.327617645263672 -16.694215774536133
v -5.882558345794678 9.327617645263672 -16.694215774536133
v 5.630982875823975 9.22942066192627 16.419864654541016
v 5.630982875823975 9.22942066192627 16.419864654541016
v 5.706599235534668 9.327616691589355 16.495481491088867
v 5.706599235534668 9.327616691589355 16.495481491088867
v 5.6008992195129395 0.613846480846405 -16.5885066986084
v 5.6008992195129395 0.613846480846405 -16.5885066986084
v 5.6008992195129395 0.676899254322052 -16.5885066986084
v 5.6008992195129395 0.676899254322052 -16.5885066986084
v -5.776846885681152 0.6138444542884827 -16.588510513305664
v -5.776846885681152 0.6138444542884827 -16.588510513305664
v -5.776846885681152 0.6768972277641296 -16.58850860595703
v -5.776846885681152 0.6768972277641296 -16.58850860595703
v -5.776849269866943 0.6768949627876282 -1.0520013570785522
v -5.776849269866943 0.6768949627876282 -1.0520013570785522
v -5.776849269866943 0.613842248916626 -1.0520013570785522
v -5.776849269866943 0.613842248916626 -1.0520013570785522
v 5.600897312164307 0.6138442158699036 -1.0534158945083618
v 5.600897312164307 0.6138442158699036 -1.0534158945083618
v 5.600897312164307 0.6768971085548401 -1.0534158945083618
v 5.600897312164307 0.6768971085548401 -1.0534158945083618
v -5.776852130889893 0.6138397455215454 16.3897705078125
v -5.776852130889893 0.6138397455215454 16.3897705078125
v -5.776852130889893 0.6768925786018372 16.3897705078125
v -5.776852130889893 0.6768925786018372 16.3897705078125
v 5.600895404815674 0.6768946051597595 16.389772415161133
v 5.600895404815674 0.6768946051597595 16.389772415161133
v 5.600895404815674 0.6138417720794678 16.389772415161133
v 5.600895404815674 0.6138417720794678 16.389772415161133
v -5.776849269866943 0.6138421297073364 0.750045895576477
v -5.776849269866943 0.6138421297073364 0.750045895576477
v -5.776849269866943 0.6768948435783386 0.750045895576477
v -5.776849269866943 0.6768948435783386 0.750045895576477
v 5.60089635848999 0.6768971085548401 0.7256484627723694
v 5.60089635848999 0.6768971085548401 0.7256484627723694
v 5.60089635848999 0.6138439178466797 0.7256484627723694
v 5.60089635848999 0.6138439178466797 0.7256484627723694
v -5.806946277618408 9.125863075256348 16.419862747192383
v -5.806946277618408 9.125863075256348 16.419862747192383
v -5.806941986083984 9.125866889953613 -16.618600845336914
v -5.806941986083984 9.125866889953613 -16.618600845336914
v 5.630982875823975 9.125865936279297 16.419864654541016
v 5.630982875823975 9.125865936279297 16.419864654541016
v 5.63098669052124 9.125869750976562 -16.61859703063965
v 5.63098669052124 9.125869750976562 -16.61859703063965
vt -9.325873406851315e-15 1
vt 1 0
vt -9.325873406851315e-15 0
vt 6.231126725708691e-15 0
vt 6.231126725708691e-15 1
vt 1 1
vt 1 0
vt 1 1
vt -1.1032841307212493e-15 0.07721829414367676
vt -1.1032841307212493e-15 0.07721829414367676
vt -9.325873406851315e-15 0.07721829414367676
vt -9.325873406851315e-15 0.07721829414367676
vt 1 0.07798296213150024
vt 1 0.07798296213150024
vt 1 0.07798296213150024
vt 1 0.07798296213150024
vt -1.1044310133318316e-15 0.9603981375694275
vt -1.1044310133318316e-15 0.9677296280860901
vt -1.1044310133318316e-15 0.9603981375694275
vt 1 0.9729069471359253
vt 1 0.9729069471359253
vt 1 0.9729069471359253
vt 1 0.9729069471359253
vt -9.32587510091721e-15 0.960398256778717
vt -9.32587510091721e-15 0.960398256778717
vt -9.32587510091721e-15 0.05927121639251709
vt -9.32587510091721e-15 0.05927121639251709
vt 1 0.05927121639251709
vt 1 0.05927121639251709
vt -1.1023557826110586e-15 0.05927121639251709
vt -1.1023557826110586e-15 0.05927121639251709
vt 1 0.05927121639251709
vt 1 0.05927121639251709
vt 0.5289770364761353 0
vt 0.5289770364761353 0.07762277126312256
vt 0.5289770364761353 0.07762277126312256
vt 0.5289770364761353 0.05927121639251709
vt 0.5289770364761353 0.05927121639251709
vt 0.47416263818740845 0
vt 0.47416260838508606 0.07758086919784546
vt 0.47416260838508606 0.07758086919784546
vt 0.47416260838508606 0.05927121639251709
vt 0.47416260838508606 0.05927121639251709
vt 0.5290201306343079 0
vt 0.5290200710296631 0.07762283086776733
vt 0.5290200710296631 0.07762283086776733
vt 0.5290200710296631 0.05927121639251709
vt 0.5290200710296631 0.05927121639251709
vt 0.4749048352241516 0
vt 0.47490474581718445 0.07758146524429321
vt 0.47490474581718445 0.07758146524429321
vt 0.47490474581718445 0.05927121639251709
vt 0.47490474581718445 0.05927121639251709
vt 0.52897709608078 0.34984540939331055
vt 0.47416263818740845 0.349606454372406
vt 0.5290200710296631 0.34984564781188965
vt 0.47490471601486206 0.34960973262786865
vt 0.5262717604637146 0
vt 0.47416263818740845 0
vt 0.5264377593994141 0
vt 0.47773316502571106 0
vt 0.5262718200683594 0.34984540939331055
vt 0.5289771556854248 0.3358762264251709
vt 0.47416263818740845 0.349606454372406
vt 0.47416266798973083 0.33563727140426636
vt 0.5264376997947693 0.34984564781188965
vt 0.5290201306343079 0.3353947401046753
vt 0.4777330458164215 0.34960973262786865
vt 0.47490471601486206 0.3351588249206543
vt 0.47735992074012756 0
vt 0.47416260838508606 -0.00011265277862548828
vt 0.5289770364761353 -0.00010633468627929688
vt 0.5289770364761353 -0.00010633468627929688
vt 0.52897709608078 0.34984540939331055
vt 0.52897709608078 0.34984540939331055
vt 0.52897709608078 0.34984540939331055
vt 0.47735992074012756 0.349606454372406
vt 0.47416263818740845 0.349606454372406
vt 0.47416263818740845 0.349606454372406
vt 0.5290201306343079 0
vt 0.5290201306343079 -0.00010645389556884766
vt 0.4749048054218292 -0.00011277198791503906
vt 0.4749048054218292 -0.00011277198791503906
vt 0.5290200710296631 0.34984564781188965
vt 0.5290200710296631 0.34984564781188965
vt 0.5290200710296631 0.34984564781188965
vt 0.47490471601486206 0.34960973262786865
vt 0.47490471601486206 0.34960973262786865
vt 0.47490471601486206 0.34960973262786865
vt -5.7812251757745695e-15 0.9856542944908142
vt -5.7812251757745695e-15 0.9856542944908142
vt -3.760900824708452e-15 0.9747439622879028
vt -3.760900824708452e-15 0.9747439622879028
vt 1 0.9827213883399963
vt 1 0.9827213883399963
vt 1 0.990185558795929
vt 1 0.990185558795929
vt 1 0.9827213883399963
vt 1 0.9827213883399963
vt 1 0.990185558795929
vt 1 0.990185558795929
vt -9.325874253884262e-15 0.9747439622879028
vt -9.325874253884262e-15 0.9747439622879028
vt -9.325874253884262e-15 0.9856542944908142
vt -9.325874253884262e-15 0.9856542944908142
vt 1 0.06515133380889893
vt 1 0.06515133380889893
vt 1 0.07210284471511841
vt 1 0.07210284471511841
vt 1 0.06515133380889893
vt 1 0.06515133380889893
vt 1 0.07210290431976318
vt 1 0.07210290431976318
vt 0.5289770364761353 0.07185590267181396
vt 0.5289770364761353 0.07185590267181396
vt 0.5289770364761353 0.06503814458847046
vt 0.5289770364761353 0.06503814458847046
vt 0.5290200710296631 0.06503814458847046
vt 0.5290200710296631 0.06503814458847046
vt 0.5290200710296631 0.07185590267181396
vt 0.5290200710296631 0.07185590267181396
vt -1.1026474795822693e-15 0.06491106748580933
vt -1.1026474795822693e-15 0.06491106748580933
vt -1.1029924337500386e-15 0.07157856225967407
vt -1.1029924337500386e-15 0.07157856225967407
vt -9.325874253884262e-15 0.07157856225967407
vt -9.325874253884262e-15 0.07157856225967407
vt -9.325874253884262e-15 0.06491100788116455
vt -9.325874253884262e-15 0.06491100788116455
vt 0.47416260838508606 0.0650249719619751
vt 0.47416260838508606 0.0650249719619751
vt 0.47416257858276367 0.07182717323303223
vt 0.47416257858276367 0.07182717323303223
vt 0.47490477561950684 0.07182759046554565
vt 0.47490477561950684 0.07182759046554565
vt 0.47490474581718445 0.06502509117126465
vt 0.47490474581718445 0.06502509117126465
vt -1.6303294180847932e-15 0.9632382392883301
vt -1.6303294180847932e-15 0.9632382392883301
vt 1 0.9732857942581177
vt 1 0.9732857942581177
vt -9.32587510091721e-15 0.9632382392883301
vt -9.32587510091721e-15 0.9632382392883301
vt 1 0.9748499393463135
vt 1 0.9748499393463135
vn 1 0 0
vn 1 0 0
vn 1 0 0
vn -1 0 0
vn -1 0 0
vn -1 0 0
vn -1 0 0
vn 1 0 0
vn -0.7198888912862725 0.6940893200465061 0
vn -1 0 0
vn 0.7198888912862725 0.6940893200465061 0
vn 1 0 0
vn -0.7198888912862725 0.6940893200465061 0
vn -1 0 0
vn 0.7198888912862725 0.6940893200465061 0
vn 1 0 0
vn -0.2991972605607253 -0.9541912802331393 0
vn -1 0 0
vn -1 0 0
vn 0.2991972605607253 -0.9541912802331393 0
vn 1 0 0
vn -0.2991972605607253 -0.9541912802331393 0
vn -1 0 0
vn 0.2991972605607253 -0.9541912802331393 0
vn 1 0 0
vn 0.7198888912862725 -0.6940893200465061 0
vn 1 0 0
vn -0.7198888912862725 -0.6940893200465061 0
vn -1 0 0
vn -0.7198888912862725 -0.6940893200465061 0
vn -1 0 0
vn 0.7198888912862725 -0.6940893200465061 0
vn 1 0 0
vn -1 0 0
vn -0.7198888912862725 0.6940893200465061 0
vn -1 0 0
vn -0.7198888912862725 -0.6940893200465061 0
vn -1 0 0
vn -1 0 0
vn -0.7198888912862725 0.6940893200465061 0
vn -1 0 0
vn -0.7198888912862725 -0.6940893200465061 0
vn -1 0 0
vn 1 0 0
vn 0.7198888912862725 0.6940893200465061 0
vn 1 0 0
vn 0.7198888912862725 -0.6940893200465061 0
vn 1 0 0
vn 1 0 0
vn 0.7198888912862725 0.6940893200465061 0
vn 1 0 0
vn 0.7198888912862725 -0.6940893200465061 0
vn 1 0 0
vn -1 0 0
vn -1 0 0
vn 1 0 0
vn 1 0 0
vn 0 0 -1
vn 0 0 1
vn 0 0 -1
vn 0 0 1
vn 0 0 -1
vn 0 1 0
vn 0 0 1
vn 0 1 0
vn 0 0 -1
vn 0 1 0
vn 0 0 1
vn 0 1 0
vn 0 0 1
vn -1 0 0
vn 0 0 -1
vn -1 0 0
vn 0 0 -1
vn 0 1 0
vn -1 0 0
vn 0 0 1
vn 0 1 0
vn -1 0 0
vn 0 0 -1
vn 1 0 0
vn 0 0 1
vn 1 0 0
vn 0 0 -1
vn 0 1 0
vn 1 0 0
vn 0 0 1
vn 0 1 0
vn 1 0 0
vn -0.7923153593610551 -0.6101117695312572 0
vn -1 0 0
vn -0.7923153593610551 -0.6101117695312572 0
vn -1 0 0
vn 0.7923153593610551 -0.6101117695312572 0
vn 1 0 0
vn 0.7923153593610551 -0.6101117695312572 0
vn 1 0 0
vn -0.7923153593610551 -0.6101117695312572 0
vn -1 0 0
vn -0.7923153593610551 -0.6101117695312572 0
vn -1 0 0
vn 0.7923153593610551 -0.6101117695312572 0
vn 1 0 0
vn 0.7923153593610551 -0.6101117695312572 0
vn 1 0 0
vn 0.7198888912862725 -0.6940893200465061 0
vn 1 0 0
vn 0.7198888912862725 0.6940893200465061 0
vn 1 0 0
vn -0.7198888912862725 -0.6940893200465061 0
vn -1 0 0
vn -0.7198888912862725 0.6940893200465061 0
vn -1 0 0
vn -0.7198888912862725 0.6940893200465061 0
vn -1 0 0
vn -0.7198888912862725 -0.6940893200465061 0
vn -1 0 0
vn 0.7198888912862725 -0.6940893200465061 0
vn 1 0 0
vn 0.7198888912862725 0.6940893200465061 0
vn 1 0 0
vn -0.7198888912862725 -0.6940893200465061 0
vn -1 0 0
vn -0.7198888912862725 0.6940893200465061 0
vn -1 0 0
vn 0.7198888912862725 0.6940893200465061 0
vn 1 0 0
vn 0.7198888912862725 -0.6940893200465061 0
vn 1 0 0
vn -0.7198888912862725 -0.6940893200465061 0
vn -1 0 0
vn -0.7198888912862725 0.6940893200465061 0
vn -1 0 0
vn 0.7198888912862725 0.6940893200465061 0
vn 1 0 0
vn 0.7198888912862725 -0.6940893200465061 0
vn 1 0 0
vn -0.2991972605607253 -0.9541912802331393 0
vn -1 0 0
vn -0.2991972605607253 -0.9541912802331393 0
vn -1 0 0
vn 0.2991972605607253 -0.9541912802331393 0
vn 1 0 0
vn 0.2991972605607253 -0.9541912802331393 0
vn 1 0 0
f 48/48/48 44/44/44 2/2/2
f 48/48/48 2/2/2 33/33/33
f 37/37/37 116/116/116 110/110/110
f 37/37/37 110/110/110 28/28/28
f 56/56/56 46/46/46 16/16/16
f 56/56/56 16/16/16 21/21/21
f 1/1/1 105/105/105 97/97/97
f 1/1/1 97/97/97 8/8/8
f 34/34/34 38/38/38 29/29/29
f 34/34/34 29/29/29 7/7/7
f 30/30/30 122/122/122 130/130/130
f 30/30/30 130/130/130 42/42/42
f 55/55/55 19/19/19 23/23/23
f 55/55/55 23/23/23 54/54/54
f 4/4/4 31/31/31 43/43/43
f 4/4/4 43/43/43 39/39/39
f 27/27/27 3/3/3 49/49/49
f 27/27/27 49/49/49 53/53/53
f 25/25/25 12/12/12 51/51/51
f 25/25/25 51/51/51 57/57/57
f 11/11/11 126/126/126 134/134/134
f 11/11/11 134/134/134 50/50/50
f 25/25/25 57/57/57 56/56/56
f 25/25/25 56/56/56 21/21/21
f 10/10/10 18/18/18 55/55/55
f 10/10/10 55/55/55 41/41/41
f 36/36/36 54/54/54 23/23/23
f 36/36/36 23/23/23 14/14/14
f 60/60/60 66/66/66 84/84/84
f 60/60/60 84/84/84 80/80/80
f 68/68/68 61/61/61 82/82/82
f 68/68/68 82/82/82 87/87/87
f 64/64/64 77/77/77 70/70/70
f 64/64/64 70/70/70 59/59/59
f 71/71/71 79/79/79 76/76/76
f 71/71/71 76/76/76 73/73/73
f 89/89/89 83/83/83 81/81/81
f 89/89/89 81/81/81 86/86/86
f 62/62/62 58/58/58 72/72/72
f 62/62/62 72/72/72 74/74/74
f 67/67/67 69/69/69 88/88/88
f 67/67/67 88/88/88 85/85/85
f 65/65/65 63/63/63 75/75/75
f 65/65/65 75/75/75 78/78/78
f 118/118/118 47/47/47 32/32/32
f 118/118/118 32/32/32 106/106/106
f 114/114/114 35/35/35 13/13/13
f 114/114/114 13/13/13 112/112/112
f 128/128/128 26/26/26 52/52/52
f 128/128/128 52/52/52 136/136/136
f 124/124/124 9/9/9 40/40/40
f 124/124/124 40/40/40 132/132/132
f 139/139/139 93/93/93 99/99/99
f 139/139/139 99/99/99 141/141/141
f 142/142/142 24/24/24 20/20/20
f 142/142/142 20/20/20 144/144/144
f 91/91/91 5/5/5 6/6/6
f 91/91/91 6/6/6 101/101/101
f 102/102/102 94/94/94 96/96/96
f 102/102/102 96/96/96 104/104/104
f 90/90/90 100/100/100 98/98/98
f 90/90/90 98/98/98 92/92/92
f 119/119/119 107/107/107 109/109/109
f 119/119/119 109/109/109 121/121/121
f 115/115/115 113/113/113 111/111/111
f 115/115/115 111/111/111 117/117/117
f 129/129/129 137/137/137 135/135/135
f 129/129/129 135/135/135 127/127/127
f 125/125/125 133/133/133 131/131/131
f 125/125/125 131/131/131 123/123/123
f 45/45/45 120/120/120 108/108/108
f 45/45/45 108/108/108 15/15/15
f 103/103/103 143/143/143 145/145/145
f 103/103/103 145/145/145 95/95/95
f 17/17/17 138/138/138 140/140/140
f 17/17/17 140/140/140 22/22/22
o _(Loose_Entity)006_1
usemtl PB090722_bok
v 5.706599235534668 9.456731796264648 16.495481491088867
v 5.54947566986084 -0.0000046852474042680115 16.338354110717773
v -5.7254319190979 -0.000006693210707453545 16.338350296020508
v -5.882562637329102 9.4567289352417 16.4954776763916
v -5.7254319190979 0.7302266359329224 16.338350296020508
v -5.7254319190979 0.7302266359329224 16.338350296020508
v 5.54947566986084 0.7302286028862 16.338354110717773
v 5.54947566986084 0.7302286028862 16.338354110717773
v -5.72543478012085 9.100302696228027 16.338350296020508
v -5.72543478012085 9.100302696228027 16.338350296020508
v 5.549471378326416 9.10030460357666 16.338354110717773
v 5.549471378326416 9.10030460357666 16.338354110717773
v 5.54947566986084 0.5605077147483826 16.338354110717773
v 5.54947566986084 0.5605077147483826 16.338354110717773
v -5.7254319190979 0.5605056881904602 16.338350296020508
v -5.7254319190979 0.5605056881904602 16.338350296020508
v -5.882562637329102 9.327613830566406 16.4954776763916
v -5.882562637329102 9.327613830566406 16.4954776763916
v -5.806946277618408 9.22941780090332 16.419862747192383
v -5.806946277618408 9.22941780090332 16.419862747192383
v 5.630982875823975 9.22942066192627 16.419864654541016
v 5.630982875823975 9.22942066192627 16.419864654541016
v 5.706599235534668 9.327616691589355 16.495481491088867
v 5.706599235534668 9.327616691589355 16.495481491088867
v -5.776852130889893 0.6138397455215454 16.3897705078125
v -5.776852130889893 0.6138397455215454 16.3897705078125
v -5.776852130889893 0.6768925786018372 16.3897705078125
v -5.776852130889893 0.6768925786018372 16.3897705078125
v 5.600895404815674 0.6768946051597595 16.389772415161133
v 5.600895404815674 0.6768946051597595 16.389772415161133
v 5.600895404815674 0.6138417720794678 16.389772415161133
v 5.600895404815674 0.6138417720794678 16.389772415161133
v -5.806946277618408 9.125863075256348 16.419862747192383
v -5.806946277618408 9.125863075256348 16.419862747192383
v 5.630982875823975 9.125865936279297 16.419864654541016
v 5.630982875823975 9.125865936279297 16.419864654541016
vt 1 1
vt 1 0
vt 6.231126725708691e-15 0
vt 6.231126725708691e-15 1
vt -1.1032841307212493e-15 0.07721829414367676
vt -1.1032841307212493e-15 0.07721829414367676
vt 1 0.07721829414367676
vt 1 0.07721829414367676
vt -1.1044310133318316e-15 0.9677296280860901
vt -1.10443111921095e-15 0.9750611782073975
vt 1 0.9750612378120422
vt 1 0.9750612378120422
vt 1 0.05927121639251709
vt 1 0.05927121639251709
vt -1.1023557826110586e-15 0.05927121639251709
vt -1.1023557826110586e-15 0.05927121639251709
vt 3.573825975010814e-15 0.9909659028053284
vt 3.573825975010814e-15 0.9909659028053284
vt 1.552869737366045e-15 0.9840952157974243
vt 1.552869737366045e-15 0.9840952157974243
vt 1 0.9840952157974243
vt 1 0.9840952157974243
vt 1 0.9909659028053284
vt 1 0.9909659028053284
vt -1.1026474795822693e-15 0.06491106748580933
vt -1.1026474795822693e-15 0.06491106748580933
vt -1.1029924337500386e-15 0.07157856225967407
vt -1.1029924337500386e-15 0.07157856225967407
vt 1 0.07157856225967407
vt 1 0.07157856225967407
vt 1 0.06491106748580933
vt 1 0.06491106748580933
vt -5.783680194893068e-16 0.9768496751785278
vt -5.783680194893068e-16 0.9768496751785278
vt 1 0.9768497943878174
vt 1 0.9768497943878174
vn 0 0 1
vn 0 0 1
vn 0 0 1
vn 0 0 1
vn 0 0 1
vn 0 0.6940893200465061 0.7198888912862725
vn 0 0 1
vn 0 0.6940893200465061 0.7198888912862725
vn 0 0 1
vn 0 -0.9541912802331393 0.2991972605607253
vn 0 0 1
vn 0 -0.9541912802331393 0.2991972605607253
vn 0 0 1
vn 0 -0.6940893200465061 0.7198888912862725
vn 0 0 1
vn 0 -0.6940893200465061 0.7198888912862725
vn 0 0 1
vn 0 -0.6101117695312572 0.7923153593610551
vn 0 0 1
vn 0 -0.6101117695312572 0.7923153593610551
vn 0 0 1
vn 0 -0.6101117695312572 0.7923153593610551
vn 0 0 1
vn 0 -0.6101117695312572 0.7923153593610551
vn 0 0 1
vn 0 -0.6940893200465061 0.7198888912862725
vn 0 0 1
vn 0 0.6940893200465061 0.7198888912862725
vn 0 0 1
vn 0 0.6940893200465061 0.7198888912862725
vn 0 0 1
vn 0 -0.6940893200465061 0.7198888912862725
vn 0 0 1
vn 0 -0.9541912802331393 0.2991972605607253
vn 0 0 1
vn 0 -0.9541912802331393 0.2991972605607253
f 158/158/158 160/160/160 148/148/148
f 158/158/158 148/148/148 147/147/147
f 181/181/181 179/179/179 155/155/155
f 181/181/181 155/155/155 157/157/157
f 153/153/153 151/151/151 173/173/173
f 153/153/153 173/173/173 175/175/175
f 156/156/156 154/154/154 150/150/150
f 156/156/156 150/150/150 152/152/152
f 177/177/177 171/171/171 161/161/161
f 177/177/177 161/161/161 159/159/159
f 165/165/165 167/167/167 169/169/169
f 165/165/165 169/169/169 163/163/163
f 146/146/146 149/149/149 162/162/162
f 146/146/146 162/162/162 168/168/168
f 170/170/170 176/176/176 174/174/174
f 170/170/170 174/174/174 172/172/172
f 166/166/166 164/164/164 178/178/178
f 166/166/166 178/178/178 180/180/180
o _(Loose_Entity)006_2
usemtl Material.001
v 5.706599235534668 9.456731796264648 16.495481491088867
v -5.882562637329102 9.4567289352417 16.4954776763916
v -5.882558345794678 9.456733703613281 -16.694215774536133
v 5.706603527069092 9.45673656463623 -16.6942138671875
vt -837.4989013671875 2349.65869140625
vt -206.0001678466797 2384.825439453125
vt -103.46080017089844 543.4971313476562
vt -734.9595336914062 508.33038330078125
vn 0 1 0
vn 0 1 0
vn 0 1 0
vn 0 1 0
f 185/185/185 184/184/184 183/183/183
f 185/185/185 183/183/183 182/182/182
o _(Loose_Entity)006_3
usemtl Shifer-op
v 5.706599235534668 9.456731796264648 16.495481491088867
v 5.706599235534668 9.456731796264648 16.495481491088867
v -5.882562637329102 9.4567289352417 16.4954776763916
v -5.882562637329102 9.4567289352417 16.4954776763916
v -5.882558345794678 9.456733703613281 -16.694215774536133
v -5.882558345794678 9.456733703613281 -16.694215774536133
v -0.08798292279243469 11.715514183044434 11.753836631774902
v -0.08798292279243469 11.715514183044434 11.753836631774902
v -0.08798292279243469 11.715514183044434 11.753836631774902
v -0.08797957748174667 11.7155179977417 -11.952569007873535
v -0.08797957748174667 11.7155179977417 -11.952569007873535
v -0.08797957748174667 11.7155179977417 -11.952569007873535
v 0.31976279616355896 10.35715103149414 15.868346214294434
v 0.31976279616355896 10.35715103149414 15.868346214294434
v -0.49955782294273376 10.357150077819824 15.868343353271484
v -0.49955782294273376 10.357150077819824 15.868343353271484
v 0.31976279616355896 10.817706108093262 13.612386703491211
v 0.31976279616355896 10.817706108093262 13.612386703491211
v -0.4995585083961487 10.817705154418945 13.61238956451416
v -0.4995585083961487 10.817705154418945 13.61238956451416
v -0.49955514073371887 10.817708969116211 -13.811121940612793
v -0.49955514073371887 10.817708969116211 -13.811121940612793
v 0.3197668194770813 10.357154846191406 -16.067081451416016
v 0.3197668194770813 10.357154846191406 -16.067081451416016
v 0.3197661340236664 10.817708969116211 -13.811120986938477
v 0.3197661340236664 10.817708969116211 -13.811120986938477
v -0.4995537996292114 10.35715389251709 -16.067081451416016
v -0.4995537996292114 10.35715389251709 -16.067081451416016
v 5.706603527069092 9.45673656463623 -16.6942138671875
v 5.706603527069092 9.45673656463623 -16.6942138671875
v 0.40897852182388306 10.399249076843262 15.952927589416504
v 0.40897852182388306 10.399249076843262 15.952927589416504
v 0.40897852182388306 10.399249076843262 15.952927589416504
v -0.5887735486030579 10.399248123168945 15.952925682067871
v -0.5887735486030579 10.399248123168945 15.952925682067871
v -0.5887735486030579 10.399248123168945 15.952925682067871
v 0.40897852182388306 10.889589309692383 13.55107307434082
v 0.40897852182388306 10.889589309692383 13.55107307434082
v 0.40897852182388306 10.889589309692383 13.55107307434082
v -0.5887743830680847 10.889588356018066 13.55107593536377
v -0.5887743830680847 10.889588356018066 13.55107593536377
v -0.5887743830680847 10.889588356018066 13.55107593536377
v -0.5887711048126221 10.889591217041016 -13.749808311462402
v -0.5887711048126221 10.889591217041016 -13.749808311462402
v -0.5887711048126221 10.889591217041016 -13.749808311462402
v 0.4089818000793457 10.889592170715332 -13.74980640411377
v 0.4089818000793457 10.889592170715332 -13.74980640411377
v 0.4089818000793457 10.889592170715332 -13.74980640411377
v 0.4089825749397278 10.399252891540527 -16.151662826538086
v 0.4089825749397278 10.399252891540527 -16.151662826538086
v 0.4089825749397278 10.399252891540527 -16.151662826538086
v -0.5887694954872131 10.399251937866211 -16.151662826538086
v -0.5887694954872131 10.399251937866211 -16.151662826538086
v -0.5887694954872131 10.399251937866211 -16.151662826538086
vt 0.015599455684423447 0.0001906752586364746
vt 1.8574140071868896 0.00019055604934692383
vt 0.9487150311470032 0.00019055604934692383
vt 1.8574140071868896 0.00019055604934692383
vt 0.9487150311470032 0.00019055604934692383
vt -0.8633696436882019 0.00019186735153198242
vt 0.48215746879577637 0.9722035527229309
vt 1.4779976606369019 0.9722039103507996
vt 1.4779976606369019 0.9722039103507996
vt 0.48215779662132263 0.9722039103507996
vt -0.4839532673358917 0.972203254699707
vt -0.4839532673358917 0.972204864025116
vt 1 0.5813027024269104
vt -2.6290081223123707e-13 1
vt 1 1
vt 1 0.5813027024269104
vt 0 0
vt 0.005397588014602661 0.9888898134231567
vt 0 0
vt 0.005397588014602661 0.9888898134231567
vt 0 0
vt 0.005397588014602661 0.9888898134231567
vt 1 1
vt 1 0.5813027024269104
vt 0 0
vt 0.005397588014602661 0.9888898134231567
vt 1 0.5813027024269104
vt -2.753353101070388e-13 1
vt 0.01559976115822792 0.0001913905143737793
vt -0.8633695244789124 0.00018936395645141602
vt 0.5562813878059387 0.011102795600891113
vt 1 0.5813027024269104
vt -2.6290081223123707e-13 1
vt 0.44371774792671204 0.01110464334487915
vt 1 1
vt 1 0.5813027024269104
vt 0.5562813878059387 1.0016900300979614
vt 0 0
vt 0.005397588014602661 0.9888898134231567
vt 0.44371774792671204 1.0016887187957764
vt 0 0
vt 0.005397588014602661 0.9888898134231567
vt 0.668929934501648 0.9978020191192627
vt 0 0
vt 0.005397588014602661 0.9888898134231567
vt 0.7814942598342896 0.9978020191192627
vt 0 0
vt 0.005397588014602661 0.9888898134231567
vt 0.7814942598342896 0.00721430778503418
vt 1 1
vt 1 0.5813027024269104
vt 0.668929934501648 0.00721430778503418
vt 1 0.5813027024269104
vt -2.753353101070388e-13 1
vn 0 0.9027847281294732 0.430092704723288
vn 0.36320379857314 0.9317097191196633 0
vn 0 0.9027847281294732 0.430092704723288
vn -0.36320379857314 0.9317097191196633 0
vn 0 0.9027847281294732 -0.430092704723288
vn -0.36320379857314 0.9317097191196633 0
vn 0 0.9027847281294732 0.430092704723288
vn 0.36320379857314 0.9317097191196633 0
vn -0.36320379857314 0.9317097191196633 0
vn 0 0.9027847281294732 -0.430092704723288
vn 0.36320379857314 0.9317097191196633 0
vn -0.36320379857314 0.9317097191196633 0
vn 0.2898966422478127 -0.9429890304197976 0.1634980896566488
vn 0.2898966422478127 -0.9429890304197976 0.1634980896566488
vn -0.289988192842516 -0.9429617022622746 0.1634933517870528
vn -0.289988192842516 -0.9429617022622746 0.1634933517870528
vn 0 -0.6489942811831217 -0.7607932853223687
vn 0.546092448684287 -0.8207886785995804 -0.16759768069025924
vn 0 -0.6489942811831217 -0.7607932853223687
vn -0.5461626082234864 -0.8207438632290706 -0.16758853287244668
vn 0 -0.6489942811831217 0.7607932853223687
vn -0.5461626082234864 -0.8207438632290706 0.16758853287244668
vn 0.2898966422478127 -0.9429890304197976 -0.1634980896566488
vn 0.2898966422478127 -0.9429890304197976 -0.1634980896566488
vn 0 -0.6489942811831217 0.7607932853223687
vn 0.546092448684287 -0.8207886785995804 0.16759768069025924
vn -0.289988192842516 -0.9429617022622746 -0.1634933517870528
vn -0.289988192842516 -0.9429617022622746 -0.1634933517870528
vn 0 0.9027847281294732 -0.430092704723288
vn 0.36320379857314 0.9317097191196633 0
vn 0 0.9797960598687758 0.19999920266246612
vn 0.3242996966186088 -0.9376991227025822 0.12469988795458503
vn 0.3242996966186088 -0.9376991227025822 0.12469988795458503
vn 0 0.9797960598687758 0.19999920266246612
vn -0.3242996966186088 -0.9376991227025822 0.12469988795458503
vn -0.3242996966186088 -0.9376991227025822 0.12469988795458503
vn 0 0.9797960598687758 0.19999920266246612
vn 0 -0.6489942811831217 -0.7607932853223687
vn 0.546092448684287 -0.8207886785995804 -0.16759768069025924
vn 0 0.9797960598687758 0.19999920266246612
vn 0 -0.6489942811831217 -0.7607932853223687
vn -0.5461626082234864 -0.8207438632290706 -0.16758853287244668
vn 0 0.9797960598687758 -0.19999920266246612
vn 0 -0.6489942811831217 0.7607932853223687
vn -0.5461626082234864 -0.8207438632290706 0.16758853287244668
vn 0 0.9797960598687758 -0.19999920266246612
vn 0 -0.6489942811831217 0.7607932853223687
vn 0.546092448684287 -0.8207886785995804 0.16759768069025924
vn 0 0.9797960598687758 -0.19999920266246612
vn 0.3242996966186088 -0.9376991227025822 -0.12469988795458503
vn 0.3242996966186088 -0.9376991227025822 -0.12469988795458503
vn 0 0.9797960598687758 -0.19999920266246612
vn -0.3242996966186088 -0.9376991227025822 -0.12469988795458503
vn -0.3242996966186088 -0.9376991227025822 -0.12469988795458503
f 198/198/198 203/203/203 224/224/224
f 198/198/198 224/224/224 217/217/217
f 188/188/188 186/186/186 192/192/192
f 190/190/190 195/195/195 214/214/214
f 215/215/215 196/196/196 193/193/193
f 215/215/215 193/193/193 187/187/187
f 205/205/205 201/201/201 221/221/221
f 205/205/205 221/221/221 227/227/227
f 197/197/197 191/191/191 189/189/189
f 197/197/197 189/189/189 194/194/194
f 228/228/228 231/231/231 234/234/234
f 228/228/228 234/234/234 237/237/237
f 219/219/219 216/216/216 222/222/222
f 219/219/219 222/222/222 225/225/225
f 212/212/212 207/207/207 230/230/230
f 212/212/212 230/230/230 238/238/238
f 211/211/211 209/209/209 236/236/236
f 211/211/211 236/236/236 233/233/233
f 202/202/202 204/204/204 226/226/226
f 202/202/202 226/226/226 223/223/223
f 200/200/200 199/199/199 218/218/218
f 200/200/200 218/218/218 220/220/220
f 208/208/208 213/213/213 239/239/239
f 208/208/208 239/239/239 235/235/235
f 206/206/206 210/210/210 232/232/232
f 206/206/206 232/232/232 229/229/229
o _(Loose_Entity)006_4
usemtl P3180195_hrusch
v 0.31976279616355896 10.35715103149414 15.868346214294434
v -0.49955782294273376 9.722341537475586 15.868343353271484
v 0.31976279616355896 9.722341537475586 15.868346214294434
v -0.49955782294273376 10.357150077819824 15.868343353271484
v 0.3197668194770813 10.357154846191406 -16.067081451416016
v -0.4995537996292114 10.35715389251709 -16.067081451416016
v 0.3197668194770813 9.722346305847168 -16.067081451416016
v -0.4995537996292114 9.722345352172852 -16.067081451416016
vt -2.6290081223123707e-13 1
vt 1 0
vt -2.4513724383723456e-13 0
vt 1 1
vt 1 1
vt -2.753353101070388e-13 1
vt 1 0
vt -2.575717417130363e-13 0
vn 0 0 1
vn 0 0 1
vn 0 0 1
vn 0 0 1
vn 0 0 -1
vn 0 0 -1
vn 0 0 -1
vn 0 0 -1
f 245/245/245 244/244/244 246/246/246
f 245/245/245 246/246/246 247/247/247
f 240/240/240 243/243/243 241/241/241
f 240/240/240 241/241/241 242/242/242
o _(Loose_Entity)006_5
usemtl P5120059_bob
v 0.31976279616355896 10.35715103149414 15.868346214294434
v -0.49955782294273376 9.722341537475586 15.868343353271484
v 0.31976279616355896 9.722341537475586 15.868346214294434
v -0.49955782294273376 10.357150077819824 15.868343353271484
v 0.31976279616355896 10.817706108093262 13.612386703491211
v -0.4995585083961487 10.817705154418945 13.61238956451416
v -0.49955514073371887 10.817708969116211 -13.811121940612793
v 0.3197668194770813 10.357154846191406 -16.067081451416016
v 0.3197661340236664 10.817708969116211 -13.811120986938477
v -0.4995537996292114 10.35715389251709 -16.067081451416016
v 0.3197668194770813 9.722346305847168 -16.067081451416016
v -0.4995537996292114 9.722345352172852 -16.067081451416016
vt 1 0.5813027024269104
vt 0.991565465927124 0.013792693614959717
vt 0.991565465927124 0.013792693614959717
vt 1 0.5813027024269104
vt 0.005397588014602661 0.9888898134231567
vt 0.005397588014602661 0.9888898134231567
vt 0.005397588014602661 0.9888898134231567
vt 1 0.5813027024269104
vt 0.005397588014602661 0.9888898134231567
vt 1 0.5813027024269104
vt 0.991565465927124 0.013792693614959717
vt 0.991565465927124 0.013792693614959717
vn 1 0 0
vn -1 0 0
vn 1 0 0
vn -1 0 0
vn 1 0 0
vn -1 0 0
vn -1 0 0
vn 1 0 0
vn 1 0 0
vn -1 0 0
vn 1 0 0
vn -1 0 0
f 248/248/248 250/250/250 252/252/252
f 251/251/251 253/253/253 249/249/249
f 256/256/256 258/258/258 255/255/255
f 254/254/254 257/257/257 259/259/259
o _(Loose_Entity)006_6
usemtl PB090718_bob
v 5.5494794845581055 0 -16.537086486816406
v -5.882558345794678 9.456733703613281 -16.694215774536133
v -5.72542667388916 -0.0000020079633031855337 -16.537090301513672
v 5.706603527069092 9.45673656463623 -16.6942138671875
v -5.72542667388916 0.7302312850952148 -16.537090301513672
v -5.72542667388916 0.7302312850952148 -16.537090301513672
v 5.5494794845581055 0.7302333116531372 -16.537086486816406
v 5.5494794845581055 0.7302333116531372 -16.537086486816406
v -0.15234751999378204 0.005699519999325275 -16.53708839416504
v -0.15234751999378204 0.005699519999325275 -17.286436080932617
v -0.33957603573799133 0.5740121603012085 -17.49544334411621
v -0.33957603573799133 0.5740121603012085 -17.49544334411621
v -0.33957603573799133 0.5740121603012085 -17.49544334411621
v 3.7540526390075684 0.005700021982192993 -17.495441436767578
v 3.7540526390075684 0.005700021982192993 -17.495441436767578
v -0.33957603573799133 0.005699519999325275 -17.49544334411621
v -0.33957603573799133 0.005699519999325275 -17.49544334411621
v 0.19905006885528564 0.5740121603012085 -17.49544334411621
v 0.19905006885528564 0.5740121603012085 -17.49544334411621
v 0.19905006885528564 0.5740121603012085 -17.49544334411621
v 3.7540526390075684 1.0545803308486938 -17.495441436767578
v 3.7540526390075684 1.0545803308486938 -17.495441436767578
v 3.7540526390075684 1.0545803308486938 -17.495441436767578
v 3.7540526390075684 1.0545803308486938 -17.495441436767578
v 0.9947637319564819 1.0545800924301147 -17.49544334411621
v 0.9947637319564819 1.0545800924301147 -17.49544334411621
v 0.9947637319564819 1.0545800924301147 -17.49544334411621
v 3.754053831100464 1.0545803308486938 -16.53708839416504
v 3.754053831100464 1.0545803308486938 -16.53708839416504
v 3.754053831100464 0.005700021982192993 -16.53708839416504
v -0.3395753800868988 0.5740121603012085 -17.286436080932617
v -0.3395753800868988 0.5740121603012085 -17.286436080932617
v -0.3395753800868988 0.5740121603012085 -17.286436080932617
v -0.3395753800868988 0.005699519999325275 -17.286436080932617
v -0.3395753800868988 0.005699519999325275 -17.286436080932617
v 0.19904939830303192 0.5740121603012085 -17.286436080932617
v 0.19904939830303192 0.5740121603012085 -17.286436080932617
v 0.19904939830303192 0.5740121603012085 -17.286436080932617
v 0.994765043258667 1.0545800924301147 -17.286436080932617
v 0.994765043258667 1.0545800924301147 -17.286436080932617
v 0.994765043258667 1.0545800924301147 -17.286436080932617
v -0.15234751999378204 0.09746202081441879 -16.53708839416504
v -0.15234751999378204 0.09746202081441879 -16.53708839416504
v 3.6013734340667725 2.631178140640259 -15.997492790222168
v 3.613495111465454 3.0993146896362305 -16.017024993896484
v 1.2584962844848633 3.099313974380493 -16.148168563842773
v 1.2178544998168945 2.6311774253845215 -16.150432586669922
v 5.54947566986084 9.100309371948242 -16.537086486816406
v 5.54947566986084 9.100309371948242 -16.537086486816406
v -5.725430965423584 9.100306510925293 -16.53708839416504
v -5.725430965423584 9.100306510925293 -16.53708839416504
v -5.72542667388916 0.5605103969573975 -16.537090301513672
v -5.72542667388916 0.5605103969573975 -16.537090301513672
v 5.5494794845581055 0.5605124235153198 -16.537086486816406
v 5.5494794845581055 0.5605124235153198 -16.537086486816406
v 3.5719423294067383 0.7302328944206238 -16.53708839416504
v 3.5719423294067383 0.7302328944206238 -16.53708839416504
v 3.5719423294067383 1.0545803308486938 -16.53708839416504
v 3.5719423294067383 1.0545803308486938 -16.53708839416504
v 3.5719423294067383 1.0545803308486938 -17.286436080932617
v 3.5719423294067383 1.0545803308486938 -17.286436080932617
v 3.5719423294067383 1.0545803308486938 -17.286436080932617
v 3.5719423294067383 1.0545803308486938 -17.286436080932617
v 1.3213939666748047 0.7302326560020447 -16.53708839416504
v 1.3213939666748047 0.7302326560020447 -16.53708839416504
v 1.3213939666748047 0.7302326560020447 -17.286436080932617
v 1.3213939666748047 0.7302326560020447 -17.286436080932617
v 1.3213939666748047 0.7302326560020447 -17.286436080932617
v 3.5719423294067383 0.7302328944206238 -17.286436080932617
v 3.5719423294067383 0.7302328944206238 -17.286436080932617
v 3.5719423294067383 0.7302328944206238 -17.286436080932617
v -0.15234793722629547 0.0056995428167283535 -17.286436080932617
v -0.15181754529476166 0.10054583102464676 -17.286436080932617
v -0.15181754529476166 0.10054583102464676 -17.286436080932617
v -0.15181754529476166 0.10054583102464676 -17.286436080932617
v 5.63098669052124 9.229424476623535 -16.61859703063965
v 5.63098669052124 9.229424476623535 -16.61859703063965
v 5.706603527069092 9.327620506286621 -16.6942138671875
v 5.706603527069092 9.327620506286621 -16.6942138671875
v -5.806941986083984 9.229421615600586 -16.618600845336914
v -5.806941986083984 9.229421615600586 -16.618600845336914
v -5.882558345794678 9.327617645263672 -16.694215774536133
v -5.882558345794678 9.327617645263672 -16.694215774536133
v 5.6008992195129395 0.613846480846405 -16.5885066986084
v 5.6008992195129395 0.613846480846405 -16.5885066986084
v 5.6008992195129395 0.676899254322052 -16.5885066986084
v 5.6008992195129395 0.676899254322052 -16.5885066986084
v -5.776846885681152 0.6138444542884827 -16.588510513305664
v -5.776846885681152 0.6138444542884827 -16.588510513305664
v -5.776846885681152 0.6768972277641296 -16.58850860595703
v -5.776846885681152 0.6768972277641296 -16.58850860595703
v 1.8492465019226074 0.7302326560020447 -16.53708839416504
v 1.8492465019226074 0.7302326560020447 -16.53708839416504
v 1.8492465019226074 0.7302326560020447 -16.53708839416504
v 1.8492465019226074 0.7302326560020447 -16.53708839416504
v 3.4457147121429443 0.7302328944206238 -16.53708839416504
v 3.4457147121429443 0.7302328944206238 -16.53708839416504
v 3.4457147121429443 0.7302328944206238 -16.53708839416504
v 3.4457147121429443 0.7302328944206238 -16.53708839416504
v 3.421095609664917 2.605339765548706 -16.537086486816406
v 3.421095609664917 2.605339765548706 -16.537086486816406
v 3.421095609664917 2.605339765548706 -16.537086486816406
v 1.8699219226837158 2.624154567718506 -16.537086486816406
v 1.8699219226837158 2.624154567718506 -16.537086486816406
v 1.8699219226837158 2.624154567718506 -16.537086486816406
v 1.8492465019226074 0.7302325367927551 -16.412696838378906
v 1.8492465019226074 0.7302325367927551 -16.412696838378906
v 1.8492465019226074 0.7302325367927551 -16.412696838378906
v 3.4457147121429443 0.730232834815979 -16.412696838378906
v 3.4457147121429443 0.730232834815979 -16.412696838378906
v 3.4457147121429443 0.730232834815979 -16.412696838378906
v 3.421095609664917 2.605339527130127 -16.412694931030273
v 3.421095609664917 2.605339527130127 -16.412694931030273
v 3.421095609664917 2.605339527130127 -16.412694931030273
v 1.8699219226837158 2.6241543292999268 -16.412694931030273
v 1.8699219226837158 2.6241543292999268 -16.412694931030273
v 1.8699219226837158 2.6241543292999268 -16.412694931030273
v 3.4407410621643066 1.109049916267395 -16.412696838378906
v 3.4407410621643066 1.109049916267395 -16.412696838378906
v 1.8534234762191772 1.1128506660461426 -16.412696838378906
v 1.8534234762191772 1.1128506660461426 -16.412696838378906
v 1.411673665046692 0.7302326560020447 -17.24026107788086
v 1.4116716384887695 2.776186943054199 -17.240259170532227
v 1.4628325700759888 0.7302329540252686 -17.240259170532227
v 1.442846417427063 2.776186943054199 -17.269882202148438
v 1.4372531175613403 0.730232834815979 -17.269882202148438
v 1.4740208387374878 2.7761871814727783 -17.240259170532227
v 1.442846417427063 2.776186943054199 -17.21063804626465
v 1.4372531175613403 0.730232834815979 -17.21063804626465
v 3.4960193634033203 0.7302326560020447 -17.24026107788086
v 3.4960172176361084 2.776186943054199 -17.240259170532227
v 3.547178268432617 0.7302329540252686 -17.240259170532227
v 3.5271923542022705 2.776186943054199 -17.269882202148438
v 3.5215988159179688 0.730232834815979 -17.269882202148438
v 3.558366537094116 2.7761871814727783 -17.240259170532227
v 3.5271923542022705 2.776186943054199 -17.21063804626465
v 3.5215988159179688 0.730232834815979 -17.21063804626465
v -5.806941986083984 9.125866889953613 -16.618600845336914
v -5.806941986083984 9.125866889953613 -16.618600845336914
v 5.63098669052124 9.125869750976562 -16.61859703063965
v 5.63098669052124 9.125869750976562 -16.61859703063965
v 1.075770378112793 0.6247708797454834 -16.53708839416504
v 1.075770378112793 0.6247708797454834 -16.53708839416504
v 0.8301467895507812 0.5193091034889221 -16.53708839416504
v 0.8301467895507812 0.5193091034889221 -16.53708839416504
v 0.5845232009887695 0.41384732723236084 -16.53708839416504
v 0.5845232009887695 0.41384732723236084 -16.53708839416504
v 0.3388996124267578 0.30838555097579956 -16.53708839416504
v 0.3388996124267578 0.30838555097579956 -16.53708839416504
v 0.09327606111764908 0.20292378962039948 -16.53708839416504
v 0.09327606111764908 0.20292378962039948 -16.53708839416504
v 0.09371770918369293 0.20549364387989044 -17.286436080932617
v 0.09371770918369293 0.20549364387989044 -17.286436080932617
v 0.09371770918369293 0.20549364387989044 -17.286436080932617
v 0.33925294876098633 0.3104414641857147 -17.286436080932617
v 0.33925294876098633 0.3104414641857147 -17.286436080932617
v 0.33925294876098633 0.3104414641857147 -17.286436080932617
v 0.5847882032394409 0.4153892397880554 -17.286436080932617
v 0.5847882032394409 0.4153892397880554 -17.286436080932617
v 0.5847882032394409 0.4153892397880554 -17.286436080932617
v 0.8303233981132507 0.5203370451927185 -17.286436080932617
v 0.8303233981132507 0.5203370451927185 -17.286436080932617
v 0.8303233981132507 0.5203370451927185 -17.286436080932617
v 1.07585871219635 0.6252848505973816 -17.286436080932617
v 1.07585871219635 0.6252848505973816 -17.286436080932617
v 1.07585871219635 0.6252848505973816 -17.286436080932617
v 1.321438193321228 0.6250278949737549 -17.286436080932617
v 1.321438193321228 0.6250278949737549 -17.286436080932617
v 1.321438193321228 0.6250278949737549 -17.286436080932617
v 1.3213939666748047 0.6247708797454834 -16.53708839416504
v 1.3213939666748047 0.6247708797454834 -16.53708839416504
v 1.075770378112793 0.5193091034889221 -16.53708839416504
v 1.075770378112793 0.5193091034889221 -16.53708839416504
v 1.0759028196334839 0.5200800895690918 -17.286436080932617
v 1.0759028196334839 0.5200800895690918 -17.286436080932617
v 1.0759028196334839 0.5200800895690918 -17.286436080932617
v 0.8301467895507812 0.41384732723236084 -16.53708839416504
v 0.8301467895507812 0.41384732723236084 -16.53708839416504
v 0.8303676247596741 0.4151322543621063 -17.286436080932617
v 0.8303676247596741 0.4151322543621063 -17.286436080932617
v 0.8303676247596741 0.4151322543621063 -17.286436080932617
v 0.5845232009887695 0.30838558077812195 -16.53708839416504
v 0.5845232009887695 0.30838558077812195 -16.53708839416504
v 0.5848323702812195 0.3101844787597656 -17.286436080932617
v 0.5848323702812195 0.3101844787597656 -17.286436080932617
v 0.5848323702812195 0.3101844787597656 -17.286436080932617
v 0.3388996422290802 0.20292380452156067 -16.53708839416504
v 0.3388996422290802 0.20292380452156067 -16.53708839416504
v 0.3392971456050873 0.20523668825626373 -17.286436080932617
v 0.3392971456050873 0.20523668825626373 -17.286436080932617
v 0.3392971456050873 0.20523668825626373 -17.286436080932617
v 0.09327606111764908 0.09746202081441879 -16.53708839416504
v 0.09327606111764908 0.09746202081441879 -16.53708839416504
v 0.0937618762254715 0.10028885304927826 -17.286436080932617
v 0.0937618762254715 0.10028885304927826 -17.286436080932617
v 0.0937618762254715 0.10028885304927826 -17.286436080932617
vt -5.551115123125783e-15 0
vt 1 1
vt 1 0
vt -5.551115123125783e-15 1
vt 1 0.10915791988372803
vt 1 0.10915791988372803
vt -5.551115123125783e-15 0.10915791988372803
vt -5.551115123125783e-15 0.10915791988372803
vt 0.629635214805603 0.09104996919631958
vt 0.7521127462387085 0.0911794900894165
vt 0.5223152041435242 0.07804626226425171
vt 0.5223152041435242 0.07804626226425171
vt 0.5223152041435242 0.07804626226425171
vt 0.1592409461736679 0
vt 0.2774399220943451 0
vt 0.5223152041435242 0
vt 0.5223152041435242 0
vt 0.47454312443733215 0.07804626226425171
vt 0.47454312443733215 0.07804626226425171
vt 0.47454312443733215 0.07804626226425171
vt 0.1592409461736679 0.14404243230819702
vt 0.1592409461736679 0.14404243230819702
vt 0.2774399220943451 0.14404243230819702
vt 0.2774399220943451 0.14404243230819702
vt 0.4039692282676697 0.14404243230819702
vt 0.4039692282676697 0.14404243230819702
vt 0.4039692282676697 0.14404243230819702
vt 0.19244107604026794 0.14404243230819702
vt 0.19244107604026794 0.14404243230819702
vt 0.19244107604026794 0
vt 0.5223152041435242 0.07804626226425171
vt 0.5223152041435242 0.05242049694061279
vt 0.5098421573638916 0.07804626226425171
vt 0.5223152041435242 0
vt 0.5098420977592468 0
vt 0.47454312443733215 0.07804626226425171
vt 0.47454309463500977 0.05242049694061279
vt 0.47454309463500977 0.05242049694061279
vt 0.4039692282676697 0.14404243230819702
vt 0.40396925806999207 0.11841672658920288
vt 0.40396925806999207 0.11841672658920288
vt 0.6296670436859131 0.052762627601623535
vt 0.6296560168266296 0.10723912715911865
vt 0.1428942084312439 1.3108068704605103
vt 0.16697834432125092 1.3534406423568726
vt 0.37591952085494995 1.3484526872634888
vt 0.3777923285961151 1.3118250370025635
vt -5.551115123125783e-15 0.9695373773574829
vt -5.551115123125783e-15 0.9695373773574829
vt 1 0.9695373773574829
vt 1 0.9695373773574829
vt 1 0.08796429634094238
vt 1 0.08796429634094238
vt -5.551115123125783e-15 0.08796429634094238
vt -5.551115123125783e-15 0.08796429634094238
vt 0.003763943212106824 0.008715331554412842
vt 0.19244107604026794 0.000628352165222168
vt 0.19244107604026794 0.11941486597061157
vt 0.19244107604026794 0.03905385732650757
vt 0.17539283633232117 0.14404243230819702
vt 0.17539285123348236 0.11841672658920288
vt 0.25890272855758667 0.11941486597061157
vt 0.25890272855758667 0.03905385732650757
vt 0.15013118088245392 0.008715391159057617
vt 0.6707519292831421 0.10723912715911865
vt 0.3870125114917755 0.09339237213134766
vt 0.15013118088245392 0.0760800838470459
vt 0.7932295203208923 0.10737943649291992
vt 0.18477584421634674 0.09572291374206543
vt 0.0037638952489942312 0.07608002424240112
vt 0.25890272855758667 0.000628352165222168
vt 0.5099114775657654 0
vt 0.5079969167709351 0.016317427158355713
vt 0.7521446943283081 0.05292636156082153
vt 0.7521336078643799 0.10737943649291992
vt -5.551115123125783e-15 0.9805724620819092
vt -5.551115123125783e-15 0.9805724620819092
vt -5.551115123125783e-15 0.9889649152755737
vt -5.551115123125783e-15 0.9889649152755737
vt 1 0.9805724620819092
vt 1 0.9805724620819092
vt 1 0.9889649152755737
vt 1 0.9889649152755737
vt -5.551115123125783e-15 0.09462440013885498
vt -5.551115123125783e-15 0.09462440013885498
vt -5.551115123125783e-15 0.1024978756904602
vt -5.551115123125783e-15 0.1024978756904602
vt 1 0.09462428092956543
vt 1 0.09462428092956543
vt 1 0.10249799489974976
vt 1 0.10249799489974976
vt 0.32818305492401123 0.10915791988372803
vt 0.32818305492401123 0.10915791988372803
vt 0.32818305492401123 0.13126182556152344
vt 0.3284590542316437 0.10915791988372803
vt 0.18452942371368408 0.10915791988372803
vt 0.18658824265003204 0.10915791988372803
vt 0.18658824265003204 0.13126182556152344
vt 0.18513457477092743 0.10915791988372803
vt 0.18671287596225739 0.30190449953079224
vt 0.18877170979976654 0.30190449953079224
vt 0.18731802701950073 0.30190449953079224
vt 0.3263491988182068 0.3038385510444641
vt 0.3266252279281616 0.3038385510444641
vt 0.3263491988182068 0.3038385510444641
vt 0.32818305492401123 0.18116086721420288
vt 0.32818305492401123 0.1459977626800537
vt 0.33906540274620056 0.10915791988372803
vt 0.18658824265003204 0.18116086721420288
vt 0.18658824265003204 0.1459977626800537
vt 0.17894119024276733 0.10915791988372803
vt 0.18877170979976654 0.30190449953079224
vt 0.18877170979976654 0.30190449953079224
vt 0.18112465739250183 0.30190449953079224
vt 0.3263491988182068 0.3038385510444641
vt 0.3372315466403961 0.3038385510444641
vt 0.3263491988182068 0.3038385510444641
vt 0.18702933192253113 0.1506558656692505
vt 0.17938227951526642 0.14809739589691162
vt 0.3278125524520874 0.15104663372039795
vt 0.33869490027427673 0.14848816394805908
vt 0.3665908873081207 0.1432020664215088
vt 0.3664393723011017 0.3305995464324951
vt 0.3628171682357788 0.14320212602615356
vt 0.3641393184661865 0.3305995464324951
vt 0.3647040128707886 0.14320212602615356
vt 0.36183926463127136 0.3305995464324951
vt 0.3641393184661865 0.3305995464324951
vt 0.3647040128707886 0.14320212602615356
vt 0.3665908873081207 0.1432020664215088
vt 0.3664393723011017 0.3305995464324951
vt 0.3628171682357788 0.14320212602615356
vt 0.3641393184661865 0.3305995464324951
vt 0.3647040128707886 0.14320212602615356
vt 0.36183926463127136 0.3305995464324951
vt 0.3641393184661865 0.3305995464324951
vt 0.3647040128707886 0.14320212602615356
vt 1 0.9732857942581177
vt 1 0.9732857942581177
vt -5.551115123125783e-15 0.9717220067977905
vt -5.551115123125783e-15 0.9717220067977905
vt 0.6318425536155701 0.10723912715911865
vt 0.6318535804748535 0.052762627601623535
vt 0.881973922252655 0.10723912715911865
vt 0.8819848299026489 0.052762627601623535
vt 0.7867386937141418 0.10723912715911865
vt 0.7867497205734253 0.052762627601623535
vt 0.6711224913597107 0.10723912715911865
vt 0.6711335182189941 0.052762627601623535
vt 0.8938319683074951 0.10723912715911865
vt 0.8938429355621338 0.052762627601623535
vt 0.48783284425735474 0.029163241386413574
vt 1.0163094997406006 0.10737943649291992
vt 1.0163205862045288 0.05292636156082153
vt 0.4676687717437744 0.042009055614471436
vt 0.7936000823974609 0.10737943649291992
vt 0.7936111092567444 0.05292636156082153
vt 0.4475046992301941 0.0548548698425293
vt 0.9092163443565369 0.10737943649291992
vt 0.9092273712158203 0.05292636156082153
vt 0.42734062671661377 0.06770068407058716
vt 1.0044515132904053 0.10737943649291992
vt 1.004462480545044 0.05292636156082153
vt 0.40717655420303345 0.08054649829864502
vt 0.7543202042579651 0.10737943649291992
vt 0.7543312311172485 0.05292636156082153
vt 0.3970945477485657 0.08696943521499634
vt 0.7542992830276489 0.0911794900894165
vt 0.7932085990905762 0.0911794900894165
vt 0.6318217515945435 0.09104996919631958
vt 0.6707310676574707 0.09104996919631958
vt 0.6318217515945435 0.09104996919631958
vt 0.8819530010223389 0.09104996919631958
vt 0.4172585904598236 0.07412362098693848
vt 0.7542992830276489 0.0911794900894165
vt 1.0044305324554443 0.0911794900894165
vt 0.7867178916931152 0.09104996919631958
vt 0.8819530010223389 0.09104996919631958
vt 0.43742266297340393 0.061277806758880615
vt 0.9091954231262207 0.0911794900894165
vt 1.0044305324554443 0.0911794900894165
vt 0.6711016297340393 0.09104996919631958
vt 0.7867178916931152 0.09104996919631958
vt 0.45758673548698425 0.048431992530822754
vt 0.7935791611671448 0.0911794900894165
vt 0.9091954231262207 0.0911794900894165
vt 0.6711016297340393 0.09104996919631958
vt 0.893811047077179 0.09104996919631958
vt 0.4777508080005646 0.03558617830276489
vt 0.7935791611671448 0.0911794900894165
vt 1.0162886381149292 0.0911794900894165
vt 0.629635214805603 0.09104996919631958
vt 0.893811047077179 0.09104996919631958
vt 0.4979148805141449 0.02274036407470703
vt 0.7521127462387085 0.0911794900894165
vt 1.0162886381149292 0.0911794900894165
vn 0 0 -1
vn 0 0 -1
vn 0 0 -1
vn 0 0 -1
vn 0 0 -1
vn 0 0.6940893200465061 -0.7198888912862725
vn 0 0 -1
vn 0 0.6940893200465061 -0.7198888912862725
vn -0.9999960350236596 0.0027999888701265704 -0.0002999988116712511
vn -0.9999960350236596 0.0027999888701265704 -0.0002999988116712511
vn 0 0 -1
vn 0 1 0
vn -1 0 0
vn 0 0 -1
vn 1 0 0
vn 0 0 -1
vn -1 0 0
vn 0 0 -1
vn 0 1 0
vn -0.5169935367538242 0.855989300724473 0
vn 0 0 -1
vn 0 1 0
vn 0 1 0
vn 1 0 0
vn 0 0 -1
vn 0 1 0
vn -0.5169935367538242 0.855989300724473 0
vn 0 1 0
vn 1 0 0
vn 1 0 0
vn 0 0 1
vn 0 1 0
vn -1 0 0
vn 0 0 1
vn -1 0 0
vn 0 0 1
vn 0 1 0
vn -0.5169935367538242 0.855989300724473 0
vn 0 0 1
vn 0 1 0
vn -0.5169935367538242 0.855989300724473 0
vn 0.0004999961331824702 0.9999922700902307 0.0038999696991248787
vn -0.9999960350236596 0.0027999888701265704 -0.0002999988116712511
vn -0.05979834424018102 0.021799396457545757 0.9979724166229341
vn -0.05979834424018102 0.021799396457545757 0.9979724166229341
vn -0.05979834424018102 0.021799396457545757 0.9979724166229341
vn -0.05979834424018102 0.021799396457545757 0.9979724166229341
vn 0 0 -1
vn 0 -0.9541912802331393 -0.2991972605607253
vn 0 0 -1
vn 0 -0.9541912802331393 -0.2991972605607253
vn 0 0 -1
vn 0 -0.6940893200465061 -0.7198888912862725
vn 0 0 -1
vn 0 -0.6940893200465061 -0.7198888912862725
vn 0 1 0
vn -1 0 0
vn 0 1 0
vn -1 0 0
vn 0 0 1
vn 0 1 0
vn 0 1 0
vn -1 0 0
vn -0.7072067609054562 0.7070067873292398 0
vn -0.7072067609054562 0.7070067873292398 0
vn 0 0 1
vn -0.7072067609054562 0.7070067873292398 0
vn -0.7072067609054562 0.7070067873292398 0
vn 0 0 1
vn 0 1 0
vn -1 0 0
vn 0 0 1
vn 0 0 1
vn 0.0004999961331824702 0.9999922700902307 0.0038999696991248787
vn -0.9999960350236596 0.0027999888701265704 -0.0002999988116712511
vn 0 0 -1
vn 0 -0.6101117695312572 -0.7923153593610551
vn 0 0 -1
vn 0 -0.6101117695312572 -0.7923153593610551
vn 0 0 -1
vn 0 -0.6101117695312572 -0.7923153593610551
vn 0 0 -1
vn 0 -0.6101117695312572 -0.7923153593610551
vn 0 0 -1
vn 0 -0.6940893200465061 -0.7198888912862725
vn 0 0 -1
vn 0 0.6940893200465061 -0.7198888912862725
vn 0 0 -1
vn 0 -0.6940893200465061 -0.7198888912862725
vn 0 0 -1
vn 0 0.6940893200465061 -0.7198888912862725
vn 0 0 -1
vn 0 0.6940893200465061 -0.7198888912862725
vn 0 1 0
vn 0.9999405884071478 -0.010900442925268084 0
vn 0 0 -1
vn 0 0.6940893200465061 -0.7198888912862725
vn 0 1 0
vn -0.999914188883726 -0.013100185838385148 0
vn 0 0 -1
vn -0.012100323827826073 -0.9999267884016618 0
vn -0.999914188883726 -0.013100185838385148 0
vn 0 0 -1
vn 0.9999405884071478 -0.010900442925268084 0
vn -0.012100323827826073 -0.9999267884016618 0
vn 0 0 -1
vn 0 1 0
vn 0.9999405884071478 -0.010900442925268084 0
vn 0 0 -1
vn 0 1 0
vn -0.999914188883726 -0.013100185838385148 0
vn 0 0 -1
vn -0.012100323827826073 -0.9999267884016618 0
vn -0.999914188883726 -0.013100185838385148 0
vn 0 0 -1
vn 0.9999405884071478 -0.010900442925268084 0
vn -0.012100323827826073 -0.9999267884016618 0
vn 0 0 -1
vn -0.999914188883726 -0.013100185838385148 0
vn 0 0 -1
vn 0.9999405884071478 -0.010900442925268084 0
vn -0.9999990200014341 0.0013999986326586205 0
vn -0.9999990200014341 0.0013999986326586205 0
vn 0.999991595104981 -0.004099965779839103 0
vn 0.0012999976273204265 -0.00139999733734632 -0.999998175005147
vn -0.0011999980406576885 -0.0013999975782827653 -0.9999983000042967
vn 0.999991595104981 -0.004099965779839103 0
vn 0.0012999976273204265 -0.00139999733734632 0.999998175005147
vn -0.0011999980406576885 -0.0013999975782827653 0.9999983000042967
vn -0.9999990200014341 0.0013999986326586205 0
vn -0.9999990200014341 0.0013999986326586205 0
vn 0.999991595104981 -0.004099965779839103 0
vn 0.0012999976273204265 -0.00139999733734632 -0.999998175005147
vn -0.0011999980406576885 -0.0013999975782827653 -0.9999983000042967
vn 0.999991595104981 -0.004099965779839103 0
vn 0.0012999976273204265 -0.00139999733734632 0.999998175005147
vn -0.0011999980406576885 -0.0013999975782827653 0.9999983000042967
vn 0 0 -1
vn 0 -0.9541912802331393 -0.2991972605607253
vn 0 0 -1
vn 0 -0.9541912802331393 -0.2991972605607253
vn -0.7072067290889699 0.707006755504896 0.00030000286770350215
vn -0.7072067290889699 0.707006755504896 0.00030000286770350215
vn -0.7073565456496981 0.7068565819080536 0.0006999569915625431
vn -0.7073565456496981 0.7068565819080536 0.0006999569915625431
vn -0.7075062172114174 0.7067062632989908 0.0011000096219909977
vn -0.7075062172114174 0.7067062632989908 0.0011000096219909977
vn -0.7077057412716738 0.7065057209497437 0.0015000121310658043
vn -0.7077057412716738 0.7065057209497437 0.0015000121310658043
vn -0.7079050360952333 0.7063050685214886 0.0019000136478890762
vn -0.7079050360952333 0.7063050685214886 0.0019000136478890762
vn 0 0 1
vn -0.706104750942052 0.708104844389503 0.0019000129421382712
vn -0.706104750942052 0.708104844389503 0.0019000129421382712
vn 0 0 1
vn -0.7063055494239712 0.7079055168719047 0.0015000117411986327
vn -0.7063055494239712 0.7079055168719047 0.0015000117411986327
vn 0 0 1
vn -0.7064560959026154 0.7077560135473812 0.001099931613280385
vn -0.7064560959026154 0.7077560135473812 0.001099931613280385
vn 0 0 1
vn -0.7066064376144449 0.7076064247255733 0.0007000063678951879
vn -0.7066064376144449 0.7076064247255733 0.0007000063678951879
vn 0 0 1
vn -0.7068066657359993 0.7074067057000787 0.0003000028689872321
vn -0.7068066657359993 0.7074067057000787 0.0003000028689872321
vn 0 0 1
vn -0.7071067493661292 0.7071067493661292 0.00030000288716239086
vn -0.7071067493661292 0.7071067493661292 0.00030000288716239086
vn -0.7069067177005104 0.7073067244613015 0.00030000285870221774
vn -0.7069067177005104 0.7073067244613015 0.00030000285870221774
vn -0.7067065178527738 0.7075064717834646 0.0007000063718980533
vn -0.7067065178527738 0.7075064717834646 0.0007000063718980533
vn 0 0 1
vn -0.7073065830478743 0.706906576265932 0.0007000065132941375
vn -0.7073065830478743 0.706906576265932 0.0007000065132941375
vn -0.7065060588403501 0.7077061387333994 0.0011000095173103789
vn -0.7065060588403501 0.7077061387333994 0.0011000095173103789
vn 0 0 1
vn -0.7074063097221015 0.7068062697399935 0.0011000098153734058
vn -0.7074063097221015 0.7068062697399935 0.0011000098153734058
vn -0.7064055326349088 0.7078055265555635 0.0016000125600588255
vn -0.7064055326349088 0.7078055265555635 0.0016000125600588255
vn 0 0 1
vn -0.7076058024426297 0.7066058153685787 0.001500012276042411
vn -0.7076058024426297 0.7066058153685787 0.001500012276042411
vn -0.7062047939085048 0.7080047944800067 0.002000013492427168
vn -0.7062047939085048 0.7080047944800067 0.002000013492427168
vn 0 0 1
vn -0.7078051553056941 0.7064051614119828 0.0019000139981124361
vn -0.7078051553056941 0.7064051614119828 0.0019000139981124361
vn -0.7060038853957423 0.7082038927753608 0.0024000133209318127
vn -0.7060038853957423 0.7082038927753608 0.0024000133209318127
vn 0 0 1
vn -0.7080043384170679 0.7062043377927504 0.0023000141984357786
vn -0.7080043384170679 0.7062043377927504 0.0023000141984357786
f 272/272/272 276/276/276 294/294/294
f 272/272/272 294/294/294 292/292/292
f 278/278/278 271/271/271 291/291/291
f 278/278/278 291/291/291 296/296/296
f 284/284/284 280/280/280 273/273/273
f 273/273/273 275/275/275 270/270/270
f 277/277/277 284/284/284 273/273/273
f 273/273/273 270/270/270 277/277/277
f 454/454/454 333/333/333 301/301/301
f 454/454/454 301/301/301 451/451/451
f 281/281/281 285/285/285 299/299/299
f 281/281/281 299/299/299 320/320/320
f 286/286/286 279/279/279 297/297/297
f 286/286/286 297/297/297 300/300/300
f 269/269/269 268/268/268 302/302/302
f 269/269/269 302/302/302 334/334/334
f 303/303/303 304/304/304 305/305/305
f 303/303/303 305/305/305 306/306/306
f 337/337/337 341/341/341 261/261/261
f 337/337/337 261/261/261 263/263/263
f 288/288/288 289/289/289 274/274/274
f 288/288/288 274/274/274 283/283/283
f 260/260/260 262/262/262 311/311/311
f 260/260/260 311/311/311 313/313/313
f 267/267/267 346/346/346 350/350/350
f 350/350/350 265/265/265 352/352/352
f 356/356/356 267/267/267 350/350/350
f 350/350/350 352/352/352 356/356/356
f 315/315/315 329/329/329 326/326/326
f 315/315/315 326/326/326 323/323/323
f 318/318/318 322/322/322 330/330/330
f 318/318/318 330/330/330 316/316/316
f 328/328/328 319/319/319 298/298/298
f 295/295/295 290/290/290 293/293/293
f 325/325/325 328/328/328 298/298/298
f 423/423/423 426/426/426 325/325/325
f 420/420/420 433/433/433 423/423/423
f 417/417/417 438/438/438 420/420/420
f 414/414/414 443/443/443 417/417/417
f 411/411/411 448/448/448 414/414/414
f 332/332/332 453/453/453 411/411/411
f 293/293/293 331/331/331 332/332/332
f 298/298/298 295/295/295 293/293/293
f 423/423/423 325/325/325 298/298/298
f 414/414/414 417/417/417 420/420/420
f 420/420/420 423/423/423 298/298/298
f 298/298/298 293/293/293 332/332/332
f 332/332/332 411/411/411 414/414/414
f 414/414/414 420/420/420 298/298/298
f 298/298/298 332/332/332 414/414/414
f 287/287/287 282/282/282 321/321/321
f 287/287/287 321/321/321 317/317/317
f 314/314/314 312/312/312 348/348/348
f 314/314/314 348/348/348 344/344/344
f 399/399/399 397/397/397 339/339/339
f 399/399/399 339/339/339 335/335/335
f 342/342/342 338/338/338 336/336/336
f 342/342/342 336/336/336 340/340/340
f 349/349/349 345/345/345 343/343/343
f 349/349/349 343/343/343 347/347/347
f 379/379/379 374/374/374 371/371/371
f 379/379/379 371/371/371 377/377/377
f 364/364/364 360/360/360 372/372/372
f 364/364/364 372/372/372 376/376/376
f 357/357/357 353/353/353 366/366/366
f 357/357/357 366/366/366 369/369/369
f 363/363/363 375/375/375 380/380/380
f 361/361/361 358/358/358 370/370/370
f 361/361/361 370/370/370 378/378/378
f 361/361/361 378/378/378 373/373/373
f 354/354/354 363/363/363 380/380/380
f 354/354/354 380/380/380 367/367/367
f 365/365/365 379/379/379 377/377/377
f 365/365/365 377/377/377 368/368/368
f 307/307/307 266/266/266 355/355/355
f 307/307/307 355/355/355 359/359/359
f 264/264/264 309/309/309 307/307/307
f 362/362/362 351/351/351 264/264/264
f 307/307/307 359/359/359 362/362/362
f 362/362/362 264/264/264 307/307/307
f 386/386/386 383/383/383 385/385/385
f 386/386/386 385/385/385 384/384/384
f 386/386/386 387/387/387 388/388/388
f 386/386/386 388/388/388 383/383/383
f 384/384/384 385/385/385 381/381/381
f 384/384/384 381/381/381 382/382/382
f 387/387/387 382/382/382 381/381/381
f 387/387/387 381/381/381 388/388/388
f 394/394/394 391/391/391 393/393/393
f 394/394/394 393/393/393 392/392/392
f 394/394/394 395/395/395 396/396/396
f 394/394/394 396/396/396 391/391/391
f 392/392/392 393/393/393 389/389/389
f 392/392/392 389/389/389 390/390/390
f 395/395/395 390/390/390 389/389/389
f 395/395/395 389/389/389 396/396/396
f 308/308/308 310/310/310 398/398/398
f 308/308/308 398/398/398 400/400/400
f 427/427/427 425/425/425 402/402/402
f 427/427/427 402/402/402 429/429/429
f 435/435/435 422/422/422 404/404/404
f 435/435/435 404/404/404 432/432/432
f 439/439/439 419/419/419 406/406/406
f 439/439/439 406/406/406 436/436/436
f 444/444/444 416/416/416 408/408/408
f 444/444/444 408/408/408 441/441/441
f 450/450/450 413/413/413 410/410/410
f 450/450/450 410/410/410 447/447/447
f 327/327/327 428/428/428 430/430/430
f 327/327/327 430/430/430 324/324/324
f 424/424/424 434/434/434 431/431/431
f 424/424/424 431/431/431 401/401/401
f 421/421/421 440/440/440 437/437/437
f 421/421/421 437/437/437 403/403/403
f 418/418/418 445/445/445 442/442/442
f 418/418/418 442/442/442 405/405/405
f 415/415/415 449/449/449 446/446/446
f 415/415/415 446/446/446 407/407/407
f 412/412/412 455/455/455 452/452/452
f 412/412/412 452/452/452 409/409/409
o _(Loose_Entity)006_7
usemtl P5120059_trupo
v -1.1981008052825928 11.461776733398438 -7.740532398223877
v -1.1981008052825928 11.461776733398438 -7.740532398223877
v -1.1981008052825928 11.461776733398438 -7.740532398223877
v -1.1901841163635254 11.230938911437988 -8.136295318603516
v -1.1901841163635254 11.230938911437988 -8.136295318603516
v -1.1901826858520508 11.230938911437988 -7.740530967712402
v -1.1901826858520508 11.230938911437988 -7.740530967712402
v -1.1981021165847778 11.461776733398438 -8.136295318603516
v -1.1981021165847778 11.461776733398438 -8.136295318603516
v -1.1981021165847778 11.461776733398438 -8.136295318603516
v -3.100139856338501 10.260506629943848 -7.740532398223877
v -3.100139856338501 10.260506629943848 -7.740532398223877
v -4.682388782501221 9.45658016204834 -8.136296272277832
v -4.682388782501221 9.45658016204834 -8.136296272277832
v -4.682388782501221 9.45658016204834 -7.740532398223877
v -4.682388782501221 9.45658016204834 -7.740532398223877
v -3.1001393795013428 10.260506629943848 -8.136296272277832
v -3.1001393795013428 10.260506629943848 -8.136296272277832
v -4.739078521728516 11.109201431274414 -7.740530967712402
v -4.739078521728516 11.109201431274414 -7.740530967712402
v -4.739078521728516 11.109201431274414 -7.740530967712402
v -3.1311450004577637 11.164359092712402 -7.740532398223877
v -3.1311450004577637 11.164359092712402 -7.740532398223877
v -3.1311450004577637 11.164359092712402 -7.740532398223877
v -2.719142436981201 11.409600257873535 -7.740533828735352
v -2.719142436981201 11.409600257873535 -7.740533828735352
v -2.719142436981201 11.409600257873535 -7.740533828735352
v -2.6869266033172607 10.470457077026367 -7.740532398223877
v -2.6869266033172607 10.470457077026367 -7.740532398223877
v -4.739078521728516 11.109201431274414 -8.136296272277832
v -4.739078521728516 11.109201431274414 -8.136296272277832
v -4.739078521728516 11.109201431274414 -8.136296272277832
v -2.719141721725464 11.409600257873535 -8.136298179626465
v -2.719141721725464 11.409600257873535 -8.136298179626465
v -2.719141721725464 11.409600257873535 -8.136298179626465
v -2.686927318572998 10.470457077026367 -8.136298179626465
v -2.686927318572998 10.470457077026367 -8.136298179626465
v -4.006956100463867 11.134316444396973 -8.052077293395996
v -4.006956100463867 11.134316444396973 -7.8247528076171875
v -2.634971857070923 11.41248893737793 -7.824751853942871
v -2.634971857070923 11.41248893737793 -8.052075386047363
v -2.0007071495056152 11.434245109558105 -8.052075386047363
v -1.9165366888046265 11.437132835388184 -8.052074432373047
v -1.2822725772857666 11.45888900756836 -8.052075386047363
v -1.2822725772857666 11.45888900756836 -7.824751853942871
v -1.9165366888046265 11.437132835388184 -7.824751853942871
v -2.0007071495056152 11.434245109558105 -7.824751853942871
v -3.1311450004577637 11.164359092712402 -8.136296272277832
v -3.1311450004577637 11.164359092712402 -8.136296272277832
v -3.1311450004577637 11.164359092712402 -8.136296272277832
v -4.654907703399658 11.112089157104492 -7.8247528076171875
v -4.3661298751831055 11.121994972229004 -7.824751853942871
v -4.654907703399658 11.112089157104492 -8.052075386047363
v -4.281133651733398 11.124911308288574 -8.052075386047363
v -3.9073586463928223 11.13773250579834 -8.052075386047363
v -3.575214147567749 11.149125099182129 -8.052077293395996
v -3.2153160572052 11.16147232055664 -8.052075386047363
v -3.2153160572052 11.16147232055664 -7.824751853942871
v -4.281132698059082 11.124911308288574 -7.8247528076171875
v -3.6801681518554688 11.145525932312012 -7.824751853942871
v -3.9073586463928223 11.13773250579834 -7.8247528076171875
v -3.575214147567749 11.149125099182129 -7.8247528076171875
v -3.680168867111206 11.145525932312012 -8.052075386047363
v -4.3661298751831055 11.121994972229004 -8.052075386047363
v -1.1981041431427002 11.461775779724121 7.163825035095215
v -1.1981041431427002 11.461775779724121 7.163825035095215
v -1.1981041431427002 11.461775779724121 7.163825035095215
v -1.1901847124099731 11.230937004089355 6.7680583000183105
v -1.1901847124099731 11.230937004089355 6.7680583000183105
v -1.1901854276657104 11.230937004089355 7.163822650909424
v -1.1901854276657104 11.230937004089355 7.163822650909424
v -1.198103427886963 11.461775779724121 6.7680583000183105
v -1.198103427886963 11.461775779724121 6.7680583000183105
v -1.198103427886963 11.461775779724121 6.7680583000183105
v -3.100142002105713 10.260504722595215 7.163822650909424
v -3.100142002105713 10.260504722595215 7.163822650909424
v -4.682390213012695 9.456578254699707 6.7680583000183105
v -4.682390213012695 9.456578254699707 6.7680583000183105
v -4.682390213012695 9.456578254699707 7.163822650909424
v -4.682390213012695 9.456578254699707 7.163822650909424
v -3.1001412868499756 10.260504722595215 6.7680583000183105
v -3.1001412868499756 10.260504722595215 6.7680583000183105
v -4.73907995223999 11.109199523925781 7.163822650909424
v -4.73907995223999 11.109199523925781 7.163822650909424
v -4.73907995223999 11.109199523925781 7.163822650909424
v -3.131146192550659 11.164356231689453 7.163825035095215
v -3.131146192550659 11.164356231689453 7.163825035095215
v -3.131146192550659 11.164356231689453 7.163825035095215
v -2.719144344329834 11.409599304199219 7.163825035095215
v -2.719144344329834 11.409599304199219 7.163825035095215
v -2.719144344329834 11.409599304199219 7.163825035095215
v -2.6869285106658936 10.470455169677734 7.163822650909424
v -2.6869285106658936 10.470455169677734 7.163822650909424
v -4.739080429077148 11.109199523925781 6.7680583000183105
v -4.739080429077148 11.109199523925781 6.7680583000183105
v -4.739080429077148 11.109199523925781 6.7680583000183105
v -2.7191429138183594 11.409599304199219 6.7680583000183105
v -2.7191429138183594 11.409599304199219 6.7680583000183105
v -2.7191429138183594 11.409599304199219 6.7680583000183105
v -2.6869285106658936 10.470455169677734 6.7680583000183105
v -2.6869285106658936 10.470455169677734 6.7680583000183105
v -4.006958484649658 11.13431453704834 6.852280139923096
v -4.006958484649658 11.13431453704834 7.07960319519043
v -2.634974479675293 11.412487030029297 7.07960319519043
v -2.6349732875823975 11.412487030029297 6.852280139923096
v -2.00070858001709 11.434243202209473 6.852280139923096
v -1.9165387153625488 11.43713092803955 6.852277755737305
v -1.2822740077972412 11.458887100219727 6.852280139923096
v -1.282274603843689 11.458887100219727 7.079606056213379
v -1.9165387153625488 11.43713092803955 7.07960319519043
v -2.00070858001709 11.434243202209473 7.0796003341674805
v -3.131147623062134 11.164356231689453 6.76806116104126
v -3.131147623062134 11.164356231689453 6.76806116104126
v -3.131147623062134 11.164356231689453 6.76806116104126
v -4.654910087585449 11.112086296081543 7.07960319519043
v -4.36613130569458 11.121993064880371 7.0796003341674805
v -4.654909133911133 11.112086296081543 6.852280139923096
v -4.281135082244873 11.124908447265625 6.852277755737305
v -3.907360553741455 11.137730598449707 6.852280139923096
v -3.5752153396606445 11.149123191833496 6.852280139923096
v -3.215317487716675 11.161469459533691 6.852280139923096
v -3.215317487716675 11.161469459533691 7.0796003341674805
v -4.281135082244873 11.124908447265625 7.07960319519043
v -3.6801702976226807 11.145524024963379 7.0796003341674805
v -3.6801702976226807 11.145524024963379 7.0796003341674805
v -3.907360553741455 11.137730598449707 7.07960319519043
v -3.575216054916382 11.149123191833496 7.079606056213379
v -3.6801702976226807 11.145524024963379 6.852280139923096
v -4.36613130569458 11.121993064880371 6.852280139923096
v 1.2798898220062256 11.395111083984375 0.43657806515693665
v 1.2798898220062256 11.395111083984375 0.43657806515693665
v 1.2798898220062256 11.395111083984375 0.43657806515693665
v 1.2878085374832153 11.164273262023926 0.832342267036438
v 1.2878085374832153 11.164273262023926 0.832342267036438
v 1.2878085374832153 11.164273262023926 0.43657806515693665
v 1.2878085374832153 11.164273262023926 0.43657806515693665
v 1.2798898220062256 11.395111083984375 0.8323449492454529
v 1.2798898220062256 11.395111083984375 0.8323449492454529
v 1.2798898220062256 11.395111083984375 0.8323449492454529
v 3.2597756385803223 10.327001571655273 0.43658074736595154
v 3.2597756385803223 10.327001571655273 0.43658074736595154
v 4.893393516540527 9.633387565612793 0.8323449492454529
v 4.893393516540527 9.633387565612793 0.8323449492454529
v 4.893393516540527 9.633387565612793 0.43658074736595154
v 4.893393516540527 9.633387565612793 0.43658074736595154
v 3.2597756385803223 10.327001571655273 0.832342267036438
v 3.2597756385803223 10.327001571655273 0.832342267036438
v 4.836704730987549 11.286008834838867 0.43658074736595154
v 4.836704730987549 11.286008834838867 0.43658074736595154
v 4.836704730987549 11.286008834838867 0.43658074736595154
v 3.2287707328796387 11.230853080749512 0.43658342957496643
v 3.2287707328796387 11.230853080749512 0.43658342957496643
v 3.2287707328796387 11.230853080749512 0.43658342957496643
v 2.800931453704834 11.447285652160645 0.43658074736595154
v 2.800931453704834 11.447285652160645 0.43658074736595154
v 2.800931453704834 11.447285652160645 0.43658074736595154
v 2.8331491947174072 10.508142471313477 0.43658074736595154
v 2.8331491947174072 10.508142471313477 0.43658074736595154
v 4.836704730987549 11.286008834838867 0.8323476314544678
v 4.836704730987549 11.286008834838867 0.8323476314544678
v 4.836704730987549 11.286008834838867 0.8323476314544678
v 2.800931453704834 11.447285652160645 0.832342267036438
v 2.800931453704834 11.447285652160645 0.832342267036438
v 2.800931453704834 11.447285652160645 0.832342267036438
v 2.8331477642059326 10.508142471313477 0.832342267036438
v 2.8331477642059326 10.508142471313477 0.832342267036438
v 4.1045823097229 11.260895729064941 0.7481282949447632
v 4.104581356048584 11.260895729064941 0.5208000540733337
v 2.7167608737945557 11.4443998336792 0.5208000540733337
v 2.7167608737945557 11.4443998336792 0.7481202483177185
v 2.082496166229248 11.422642707824707 0.7481229305267334
v 1.9983257055282593 11.419755935668945 0.7481229305267334
v 1.3640609979629517 11.397998809814453 0.7481229305267334
v 1.3640609979629517 11.397998809814453 0.5208000540733337
v 1.9983257055282593 11.419755935668945 0.5208000540733337
v 2.082496166229248 11.422642707824707 0.5208000540733337
v 3.2287707328796387 11.230853080749512 0.8323476314544678
v 3.2287707328796387 11.230853080749512 0.8323476314544678
v 3.2287707328796387 11.230853080749512 0.8323476314544678
v 4.752533912658691 11.283123016357422 0.5208027362823486
v 4.463756561279297 11.27321720123291 0.5208027362823486
v 4.752533912658691 11.283123016357422 0.7481282949447632
v 4.378759384155273 11.270301818847656 0.7481256127357483
v 4.004982948303223 11.257479667663574 0.7481282949447632
v 3.6728391647338867 11.246085166931152 0.7481256127357483
v 3.312941312789917 11.23374080657959 0.7481282949447632
v 3.312941312789917 11.23374080657959 0.5208027362823486
v 4.378760814666748 11.270301818847656 0.5208027362823486
v 3.777794122695923 11.249686241149902 0.5208027362823486
v 4.004983901977539 11.257479667663574 0.5208027362823486
v 3.6728384494781494 11.246085166931152 0.5208027362823486
v 3.777794122695923 11.249686241149902 0.7481256127357483
v 4.463755130767822 11.27321720123291 0.7481256127357483
vt -1.00632905960083 1.0010395050048828
vt -15.001365661621094 2.001586437225342
vt 0.3536476492881775 0.9464212656021118
vt -1.00632905960083 0.8613597750663757
vt -15.201852798461914 1.8877439498901367
vt -1.00632905960083 0.8613597750663757
vt -15.001365661621094 1.8877438306808472
vt -1.00632905960083 1.0010395050048828
vt -15.201852798461914 2.001586437225342
vt 0.3536476492881775 1.0039211511611938
vt 1.3322676295501878e-15 0.4530799984931946
vt -15.143972396850586 0.5565082430839539
vt 1 0
vt 50.99894332885742 0.18723547458648682
vt 1 0
vt 50.798458099365234 0.18723547458648682
vt -4.3298697960381105e-15 0.4530799984931946
vt -15.344459533691406 0.5565082430839539
vt 1 1
vt 0.958392322063446 0.9464212656021118
vt 50.798458099365234 1.002258539199829
vt -7.771561172376096e-16 1
vt -15.143972396850586 1.0022623538970947
vt 0.32869386672973633 0.9464212656021118
vt -0.06036895141005516 1.0010395050048828
vt 0.949317991733551 0.9464212656021118
vt 50.792205810546875 0.9969995617866516
vt -0.06036895141005516 0.4327641725540161
vt 50.792205810546875 0.5338420271873474
vt 1 1
vt 0.958392322063446 1.0039210319519043
vt 50.99894332885742 1.002258539199829
vt -0.06036895141005516 1.0010395050048828
vt 0.949317991733551 1.0039211511611938
vt 50.99269104003906 0.9969995021820068
vt -0.06036895141005516 0.4327641725540161
vt 50.99269104003906 0.5338420271873474
vt 0.6716787219047546 0.9916847944259644
vt 0.6716787219047546 0.9586572647094727
vt 0.9163550138473511 0.9586573839187622
vt 0.9163550138473511 0.9916847944259644
vt 0.6679645776748657 0.9916847944259644
vt 0.6350015997886658 0.9916847944259644
vt 0.38661086559295654 0.9916850328445435
vt 0.3866109251976013 0.9586573839187622
vt 0.6350015997886658 0.9586573839187622
vt 0.667964518070221 0.9586573839187622
vt -5.662137425588298e-15 1
vt -15.344459533691406 1.0022623538970947
vt 0.32869386672973633 1.0039211511611938
vt 0.9254295229911804 0.9586572647094727
vt 0.8123383522033691 0.9586572647094727
vt 0.9254294633865356 0.9916847944259644
vt 0.7790520191192627 0.9916847944259644
vt 0.632674515247345 0.9916847944259644
vt 0.5026000738143921 0.9916847944259644
vt 0.361657053232193 0.9916847944259644
vt 0.361657053232193 0.9586573839187622
vt 0.7790520787239075 0.9586572647094727
vt 0.5437021255493164 0.9586573839187622
vt 0.632674515247345 0.9586573839187622
vt 0.5026000738143921 0.9586573839187622
vt 0.5437021255493164 0.9916847944259644
vt 0.8123382925987244 0.9916847944259644
vt -1.00632905960083 1.0010395050048828
vt -15.001365661621094 2.001586437225342
vt 0.3536476492881775 0.9464212656021118
vt -1.00632905960083 0.8613597750663757
vt -15.201852798461914 1.8877439498901367
vt -1.00632905960083 0.8613597750663757
vt -15.001365661621094 1.8877438306808472
vt -1.00632905960083 1.0010395050048828
vt -15.201852798461914 2.001586437225342
vt 0.3536476492881775 1.0039211511611938
vt 1.3322676295501878e-15 0.4530799984931946
vt -15.143972396850586 0.5565082430839539
vt 1 0
vt 50.99894332885742 0.18723547458648682
vt 1 0
vt 50.798458099365234 0.18723547458648682
vt -4.3298697960381105e-15 0.4530799984931946
vt -15.344459533691406 0.5565082430839539
vt 1 1
vt 0.958392322063446 0.9464212656021118
vt 50.798458099365234 1.002258539199829
vt -7.771561172376096e-16 1
vt -15.143972396850586 1.0022623538970947
vt 0.32869386672973633 0.9464212656021118
vt -0.06036895141005516 1.0010395050048828
vt 0.949317991733551 0.9464212656021118
vt 50.792205810546875 0.9969995617866516
vt -0.06036895141005516 0.4327641725540161
vt 50.792205810546875 0.5338420271873474
vt 1 1
vt 0.958392322063446 1.0039210319519043
vt 50.99894332885742 1.002258539199829
vt -0.06036895141005516 1.0010395050048828
vt 0.949317991733551 1.0039211511611938
vt 50.99269104003906 0.9969995021820068
vt -0.06036895141005516 0.4327641725540161
vt 50.99269104003906 0.5338420271873474
vt 0.6716787219047546 0.9916847944259644
vt 0.6716787219047546 0.9586572647094727
vt 0.9163550138473511 0.9586573839187622
vt 0.9163550138473511 0.9916847944259644
vt 0.6679645776748657 0.9916847944259644
vt 0.6350015997886658 0.9916847944259644
vt 0.38661086559295654 0.9916850328445435
vt 0.3866109251976013 0.9586573839187622
vt 0.6350015997886658 0.9586573839187622
vt 0.667964518070221 0.9586573839187622
vt -5.662137425588298e-15 1
vt -15.344459533691406 1.0022623538970947
vt 0.32869386672973633 1.0039211511611938
vt 0.9254295229911804 0.9586572647094727
vt 0.8123383522033691 0.9586572647094727
vt 0.9254294633865356 0.9916847944259644
vt 0.7790520191192627 0.9916847944259644
vt 0.632674515247345 0.9916847944259644
vt 0.5026000738143921 0.9916847944259644
vt 0.361657053232193 0.9916847944259644
vt 0.361657053232193 0.9586573839187622
vt 0.7790520787239075 0.9586572647094727
vt 0.5437021255493164 0.9586573839187622
vt 0.5437021255493164 0.9586573839187622
vt 0.632674515247345 0.9586573839187622
vt 0.5026000738143921 0.9586573839187622
vt 0.5437021255493164 0.9916847944259644
vt 0.8123382925987244 0.9916847944259644
vt -1.00632905960083 1.0010395050048828
vt 0.3536476492881775 0.9464212656021118
vt -15.001365661621094 2.001586437225342
vt -1.00632905960083 0.8613597750663757
vt -15.201852798461914 1.8877439498901367
vt -1.00632905960083 0.8613597750663757
vt -15.001365661621094 1.8877438306808472
vt -1.00632905960083 1.0010395050048828
vt 0.3536476492881775 1.0039211511611938
vt -15.201852798461914 2.001586437225342
vt 1.3322676295501878e-15 0.4530799984931946
vt -15.143972396850586 0.5565082430839539
vt 1 0
vt 50.99894332885742 0.18723547458648682
vt 1 0
vt 50.798458099365234 0.18723547458648682
vt -4.3298697960381105e-15 0.4530799984931946
vt -15.344459533691406 0.5565082430839539
vt 1 1
vt 50.798458099365234 1.002258539199829
vt 0.958392322063446 0.9464212656021118
vt -7.771561172376096e-16 1
vt 0.32869386672973633 0.9464212656021118
vt -15.143972396850586 1.0022623538970947
vt -0.06036895141005516 1.0010395050048828
vt 50.792205810546875 0.9969995617866516
vt 0.949317991733551 0.9464212656021118
vt -0.06036895141005516 0.4327641725540161
vt 50.792205810546875 0.5338420271873474
vt 1 1
vt 50.99894332885742 1.002258539199829
vt 0.958392322063446 1.0039210319519043
vt -0.06036895141005516 1.0010395050048828
vt 50.99269104003906 0.9969995021820068
vt 0.949317991733551 1.0039211511611938
vt -0.06036895141005516 0.4327641725540161
vt 50.99269104003906 0.5338420271873474
vt 0.6716787219047546 0.9916847944259644
vt 0.6716787219047546 0.9586572647094727
vt 0.9163550138473511 0.9586573839187622
vt 0.9163550138473511 0.9916847944259644
vt 0.6679645776748657 0.9916847944259644
vt 0.6350015997886658 0.9916847944259644
vt 0.38661086559295654 0.9916850328445435
vt 0.3866109251976013 0.9586573839187622
vt 0.6350015997886658 0.9586573839187622
vt 0.667964518070221 0.9586573839187622
vt -5.662137425588298e-15 1
vt 0.32869386672973633 1.0039211511611938
vt -15.344459533691406 1.0022623538970947
vt 0.9254295229911804 0.9586572647094727
vt 0.8123383522033691 0.9586572647094727
vt 0.9254294633865356 0.9916847944259644
vt 0.7790520191192627 0.9916847944259644
vt 0.632674515247345 0.9916847944259644
vt 0.5026000738143921 0.9916847944259644
vt 0.361657053232193 0.9916847944259644
vt 0.361657053232193 0.9586573839187622
vt 0.7790520787239075 0.9586572647094727
vt 0.5437021255493164 0.9586573839187622
vt 0.632674515247345 0.9586573839187622
vt 0.5026000738143921 0.9586573839187622
vt 0.5437021255493164 0.9916847944259644
vt 0.8123382925987244 0.9916847944259644
vn 0 0 1
vn 0.9994115683647742 0.03430039385578782 0
vn -0.03430039385578782 0.9994115683647742 0
vn 0 0 -1
vn 0.9994115683647742 0.03430039385578782 0
vn 0 0 1
vn 0.9994115683647742 0.03430039385578782 0
vn 0 0 -1
vn 0.9994115683647742 0.03430039385578782 0
vn -0.03430039385578782 0.9994115683647742 0
vn 0 0 1
vn 0.9994115683647742 0.03430039385578782 0
vn 0 0 -1
vn -0.9994115683647742 -0.03430039385578782 0
vn 0 0 1
vn -0.9994115683647742 -0.03430039385578782 0
vn 0 0 -1
vn 0.9994115683647742 0.03430039385578782 0
vn 0 0 1
vn -0.03430039385578782 0.9994115683647742 0
vn -0.9994115683647742 -0.03430039385578782 0
vn 0 0 1
vn 0.9994115683647742 0.03430039385578782 0
vn -0.03430039385578782 0.9994115683647742 0
vn 0 0 1
vn -0.03430039385578782 0.9994115683647742 0
vn -0.9994115683647742 -0.03430039385578782 0
vn 0 0 1
vn -0.9994115683647742 -0.03430039385578782 0
vn 0 0 -1
vn -0.03430039385578782 0.9994115683647742 0
vn -0.9994115683647742 -0.03430039385578782 0
vn 0 0 -1
vn -0.03430039385578782 0.9994115683647742 0
vn -0.9994115683647742 -0.03430039385578782 0
vn 0 0 -1
vn -0.9994115683647742 -0.03430039385578782 0
vn -0.03430039385578782 0.9994115683647742 0
vn -0.03430039385578782 0.9994115683647742 0
vn -0.03430039385578782 0.9994115683647742 0
vn -0.03430039385578782 0.9994115683647742 0
vn -0.03430039385578782 0.9994115683647742 0
vn -0.03430039385578782 0.9994115683647742 0
vn -0.03430039385578782 0.9994115683647742 0
vn -0.03430039385578782 0.9994115683647742 0
vn -0.03430039385578782 0.9994115683647742 0
vn -0.03430039385578782 0.9994115683647742 0
vn 0 0 -1
vn 0.9994115683647742 0.03430039385578782 0
vn -0.03430039385578782 0.9994115683647742 0
vn -0.03430039385578782 0.9994115683647742 0
vn -0.03430039385578782 0.9994115683647742 0
vn -0.03430039385578782 0.9994115683647742 0
vn -0.03430039385578782 0.9994115683647742 0
vn -0.03430039385578782 0.9994115683647742 0
vn -0.03430039385578782 0.9994115683647742 0
vn -0.03430039385578782 0.9994115683647742 0
vn -0.03430039385578782 0.9994115683647742 0
vn -0.032999360705099325 0.9074824473299069 0.4187918934043228
vn -0.0343003936842819 0.9994115633676013 -0.0001000011523919552
vn -0.03430039385578782 0.9994115683647742 0
vn -0.023700480201993765 0.9024182743384417 -0.430208723038276
vn -0.03430039385578782 0.9994115683647742 0
vn -0.03430039385578782 0.9994115683647742 0
vn 0 0 1
vn 0.9994115683647742 0.03430039385578782 0
vn -0.03430039385578782 0.9994115683647742 0
vn 0 0 -1
vn 0.9994115683647742 0.03430039385578782 0
vn 0 0 1
vn 0.9994115683647742 0.03430039385578782 0
vn 0 0 -1
vn 0.9994115683647742 0.03430039385578782 0
vn -0.03430039385578782 0.9994115683647742 0
vn 0 0 1
vn 0.9994115683647742 0.03430039385578782 0
vn 0 0 -1
vn -0.9994115683647742 -0.03430039385578782 0
vn 0 0 1
vn -0.9994115683647742 -0.03430039385578782 0
vn 0 0 -1
vn 0.9994115683647742 0.03430039385578782 0
vn 0 0 1
vn -0.03430039385578782 0.9994115683647742 0
vn -0.9994115683647742 -0.03430039385578782 0
vn 0 0 1
vn 0.9994115683647742 0.03430039385578782 0
vn -0.03430039385578782 0.9994115683647742 0
vn 0 0 1
vn -0.03430039385578782 0.9994115683647742 0
vn -0.9994115683647742 -0.03430039385578782 0
vn 0 0 1
vn -0.9994115683647742 -0.03430039385578782 0
vn 0 0 -1
vn -0.03430039385578782 0.9994115683647742 0
vn -0.9994115683647742 -0.03430039385578782 0
vn 0 0 -1
vn -0.03430039385578782 0.9994115683647742 0
vn -0.9994115683647742 -0.03430039385578782 0
vn 0 0 -1
vn -0.9994115683647742 -0.03430039385578782 0
vn -0.02990007235234684 0.8735021465970418 -0.485901209675058
vn -0.03430039385578782 0.9994115683647742 0
vn -0.03430039385578782 0.9994115683647742 0
vn -0.03430039385578782 0.9994115683647742 0
vn -0.03430039385578782 0.9994115683647742 0
vn -0.03430039385578782 0.9994115683647742 0
vn -0.03430039385578782 0.9994115683647742 0
vn -0.03430039385578782 0.9994115683647742 0
vn -0.03430039385578782 0.9994115683647742 0
vn -0.027801143170017126 0.9957409560003572 -0.08790361188219292
vn 0 0 -1
vn 0.9994115683647742 0.03430039385578782 0
vn -0.03430039385578782 0.9994115683647742 0
vn -0.03430039385578782 0.9994115683647742 0
vn -0.03430039385578782 0.9994115683647742 0
vn -0.03430039385578782 0.9994115683647742 0
vn -0.03430039385578782 0.9994115683647742 0
vn -0.03430039385578782 0.9994115683647742 0
vn -0.03430039385578782 0.9994115683647742 0
vn -0.03430039385578782 0.9994115683647742 0
vn -0.03430039385578782 0.9994115683647742 0
vn -0.03430039385578782 0.9994115683647742 0
vn -0.023900160516101176 0.999706743061672 -0.003900026195926518
vn -0.03430039385578782 0.9994115683647742 0
vn -0.03430039385578782 0.9994115683647742 0
vn -0.03430039385578782 0.9994115683647742 0
vn -0.03430039385578782 0.9994115683647742 0
vn -0.03320045710900039 0.9918137018520068 -0.12330170504243684
vn 0 0 -1
vn -0.03430039385578782 0.9994115683647742 0
vn -0.9994115683647742 -0.03430039385578782 0
vn 0 0 1
vn -0.9994115683647742 -0.03430039385578782 0
vn 0 0 -1
vn -0.9994115683647742 -0.03430039385578782 0
vn 0 0 1
vn -0.03430039385578782 0.9994115683647742 0
vn -0.9994115683647742 -0.03430039385578782 0
vn 0 0 -1
vn -0.9994115683647742 -0.03430039385578782 0
vn 0 0 1
vn 0.9994115683647742 0.03430039385578782 0
vn 0 0 -1
vn 0.9994115683647742 0.03430039385578782 0
vn 0 0 1
vn -0.9994115683647742 -0.03430039385578782 0
vn 0 0 -1
vn 0.9994115683647742 0.03430039385578782 0
vn -0.03430039385578782 0.9994115683647742 0
vn 0 0 -1
vn -0.03430039385578782 0.9994115683647742 0
vn -0.9994115683647742 -0.03430039385578782 0
vn 0 0 -1
vn 0.9994115683647742 0.03430039385578782 0
vn -0.03430039385578782 0.9994115683647742 0
vn 0 0 -1
vn 0.9994115683647742 0.03430039385578782 0
vn 0 0 1
vn 0.9994115683647742 0.03430039385578782 0
vn -0.03430039385578782 0.9994115683647742 0
vn 0 0 1
vn 0.9994115683647742 0.03430039385578782 0
vn -0.03430039385578782 0.9994115683647742 0
vn 0 0 1
vn 0.9994115683647742 0.03430039385578782 0
vn -0.03430039385578782 0.9994115683647742 0
vn -0.03430039385578782 0.9994115683647742 0
vn -0.03430039385578782 0.9994115683647742 0
vn -0.03430039385578782 0.9994115683647742 0
vn -0.03430039385578782 0.9994115683647742 0
vn -0.03430039385578782 0.9994115683647742 0
vn -0.03430039385578782 0.9994115683647742 0
vn -0.03430039385578782 0.9994115683647742 0
vn -0.03430039385578782 0.9994115683647742 0
vn -0.03430039385578782 0.9994115683647742 0
vn 0 0 1
vn -0.03430039385578782 0.9994115683647742 0
vn -0.9994115683647742 -0.03430039385578782 0
vn -0.03430039385578782 0.9994115683647742 0
vn -0.03430039385578782 0.9994115683647742 0
vn -0.03430039385578782 0.9994115683647742 0
vn -0.03430039385578782 0.9994115683647742 0
vn -0.03430039385578782 0.9994115683647742 0
vn -0.03430039385578782 0.9994115683647742 0
vn -0.03430039385578782 0.9994115683647742 0
vn -0.03430039385578782 0.9994115683647742 0
vn -0.030699551064760494 0.9375863089995693 -0.34639493463528936
vn -0.03430039385578782 0.9994115683647742 0
vn -0.03449921042712174 0.9912773077238914 -0.12719710559434322
vn -0.03430039385578782 0.9994115683647742 0
vn -0.031200063361924307 0.9412019551902095 0.336400706884422
vn -0.03289874067524686 0.9891620859992701 -0.1430945159101342
f 596/596/596 602/602/602 634/634/634
f 596/596/596 634/634/634 608/608/608
f 492/492/492 484/484/484 482/482/482
f 492/492/492 482/482/482 490/490/490
f 472/472/472 468/468/468 485/485/485
f 472/472/472 485/485/485 503/503/503
f 456/456/456 480/480/480 483/483/483
f 456/456/456 483/483/483 461/461/461
f 536/536/536 532/532/532 549/549/549
f 536/536/536 549/549/549 567/567/567
f 603/603/603 599/599/599 595/595/595
f 603/603/603 595/595/595 606/606/606
f 551/551/551 533/533/533 535/535/535
f 551/551/551 535/535/535 540/540/540
f 501/501/501 495/495/495 458/458/458
f 465/465/465 489/489/489 498/498/498
f 465/465/465 498/498/498 499/499/499
f 500/500/500 501/501/501 458/458/458
f 465/465/465 499/499/499 500/500/500
f 458/458/458 465/465/465 500/500/500
f 561/561/561 566/566/566 565/565/565
f 561/561/561 565/565/565 562/562/562
f 545/545/545 559/559/559 560/560/560
f 560/560/560 561/561/561 562/562/562
f 563/563/563 564/564/564 529/529/529
f 562/562/562 563/563/563 529/529/529
f 553/553/553 545/545/545 560/560/560
f 560/560/560 562/562/562 529/529/529
f 529/529/529 553/553/553 560/560/560
f 474/474/474 470/470/470 466/466/466
f 474/474/474 466/466/466 477/477/477
f 479/479/479 505/505/505 512/512/512
f 513/513/513 494/494/494 507/507/507
f 479/479/479 512/512/512 513/513/513
f 506/506/506 486/486/486 475/475/475
f 479/479/479 513/513/513 507/507/507
f 507/507/507 506/506/506 475/475/475
f 475/475/475 479/479/479 507/507/507
f 623/623/623 642/642/642 646/646/646
f 646/646/646 640/640/640 647/647/647
f 644/644/644 623/623/623 646/646/646
f 644/644/644 646/646/646 647/647/647
f 509/509/509 510/510/510 511/511/511
f 511/511/511 512/512/512 505/505/505
f 486/486/486 506/506/506 508/508/508
f 519/519/519 507/507/507 514/514/514
f 486/486/486 508/508/508 519/519/519
f 511/511/511 505/505/505 486/486/486
f 519/519/519 514/514/514 509/509/509
f 509/509/509 511/511/511 486/486/486
f 509/509/509 486/486/486 519/519/519
f 556/556/556 548/548/548 546/546/546
f 556/556/556 546/546/546 554/554/554
f 621/621/621 613/613/613 610/610/610
f 621/621/621 610/610/610 618/618/618
f 493/493/493 494/494/494 516/516/516
f 493/493/493 516/516/516 510/510/510
f 587/587/587 591/591/591 589/589/589
f 587/587/587 589/589/589 594/594/594
f 601/601/601 597/597/597 614/614/614
f 601/601/601 614/614/614 632/632/632
f 523/523/523 555/555/555 552/552/552
f 523/523/523 552/552/552 527/527/527
f 585/585/585 609/609/609 612/612/612
f 585/585/585 612/612/612 590/590/590
f 497/497/497 502/502/502 501/501/501
f 481/481/481 458/458/458 495/495/495
f 481/481/481 495/495/495 496/496/496
f 497/497/497 501/501/501 498/498/498
f 489/489/489 481/481/481 496/496/496
f 497/497/497 498/498/498 489/489/489
f 496/496/496 497/497/497 489/489/489
f 538/538/538 534/534/534 530/530/530
f 538/538/538 530/530/530 541/541/541
f 573/573/573 574/574/574 575/575/575
f 543/543/543 569/569/569 576/576/576
f 543/543/543 576/576/576 577/577/577
f 573/573/573 575/575/575 550/550/550
f 572/572/572 573/573/573 550/550/550
f 539/539/539 543/543/543 577/577/577
f 558/558/558 571/571/571 570/570/570
f 539/539/539 577/577/577 558/558/558
f 572/572/572 550/550/550 539/539/539
f 539/539/539 558/558/558 570/570/570
f 570/570/570 572/572/572 539/539/539
f 577/577/577 579/579/579 558/558/558
f 622/622/622 623/623/623 645/645/645
f 622/622/622 645/645/645 639/639/639
f 518/518/518 515/515/515 517/517/517
f 518/518/518 517/517/517 511/511/511
f 557/557/557 558/558/558 581/581/581
f 557/557/557 581/581/581 574/574/574
f 648/648/648 636/636/636 643/643/643
f 648/648/648 643/643/643 638/638/638
f 487/487/487 469/469/469 471/471/471
f 487/487/487 471/471/471 476/476/476
f 531/531/531 537/537/537 568/568/568
f 531/531/531 568/568/568 542/542/542
f 520/520/520 544/544/544 547/547/547
f 520/520/520 547/547/547 525/525/525
f 588/588/588 620/620/620 617/617/617
f 588/588/588 617/617/617 592/592/592
f 605/605/605 607/607/607 636/636/636
f 635/635/635 637/637/637 616/616/616
f 605/605/605 636/636/636 635/635/635
f 605/605/605 635/635/635 616/616/616
f 626/626/626 631/631/631 630/630/630
f 627/627/627 628/628/628 593/593/593
f 626/626/626 630/630/630 627/627/627
f 619/619/619 624/624/624 625/625/625
f 626/626/626 627/627/627 593/593/593
f 619/619/619 625/625/625 626/626/626
f 626/626/626 593/593/593 619/619/619
f 459/459/459 491/491/491 488/488/488
f 459/459/459 488/488/488 463/463/463
f 639/639/639 640/640/640 641/641/641
f 637/637/637 638/638/638 639/639/639
f 633/633/633 616/616/616 637/637/637
f 623/623/623 636/636/636 607/607/607
f 642/642/642 623/623/623 607/607/607
f 633/633/633 637/637/637 639/639/639
f 641/641/641 642/642/642 607/607/607
f 633/633/633 639/639/639 641/641/641
f 641/641/641 607/607/607 633/633/633
f 583/583/583 580/580/580 582/582/582
f 583/583/583 582/582/582 575/575/575
f 521/521/521 526/526/526 524/524/524
f 521/521/521 524/524/524 528/528/528
f 584/584/584 571/571/571 578/578/578
f 584/584/584 578/578/578 573/573/573
f 615/615/615 598/598/598 600/600/600
f 615/615/615 600/600/600 604/604/604
f 457/457/457 462/462/462 460/460/460
f 457/457/457 460/460/460 464/464/464
f 586/586/586 593/593/593 628/628/628
f 586/586/586 628/628/628 629/629/629
f 624/624/624 619/619/619 611/611/611
f 586/586/586 629/629/629 630/630/630
f 630/630/630 624/624/624 611/611/611
f 586/586/586 630/630/630 611/611/611
f 467/467/467 473/473/473 504/504/504
f 467/467/467 504/504/504 478/478/478
f 565/565/565 559/559/559 545/545/545
f 522/522/522 529/529/529 564/564/564
f 564/564/564 565/565/565 545/545/545
f 545/545/545 522/522/522 564/564/564
f 569/569/569 550/550/550 575/575/575
f 569/569/569 575/575/575 576/576/576
o _(Loose_Entity)006_8
usemtl [Color_006]
v -4.006956100463867 11.134316444396973 -8.052077293395996
v -4.006956100463867 11.134316444396973 -8.052077293395996
v -3.9759511947631836 10.230463981628418 -7.8247528076171875
v -3.9759511947631836 10.230463981628418 -7.8247528076171875
v -3.9759511947631836 10.230463981628418 -8.052077293395996
v -3.9759511947631836 10.230463981628418 -8.052077293395996
v -4.006956100463867 11.134316444396973 -7.8247528076171875
v -4.006956100463867 11.134316444396973 -7.8247528076171875
v -2.634971857070923 11.41248893737793 -7.824751853942871
v -2.634971857070923 11.41248893737793 -7.824751853942871
v -2.634971857070923 11.41248893737793 -8.052075386047363
v -2.634971857070923 11.41248893737793 -8.052075386047363
v -2.0007071495056152 11.434245109558105 -8.052075386047363
v -2.0007071495056152 11.434245109558105 -8.052075386047363
v -1.9165366888046265 11.437132835388184 -8.052074432373047
v -1.9165366888046265 11.437132835388184 -8.052074432373047
v -1.2822725772857666 11.45888900756836 -8.052075386047363
v -1.2822725772857666 11.45888900756836 -8.052075386047363
v -1.2822725772857666 11.45888900756836 -7.824751853942871
v -1.2822725772857666 11.45888900756836 -7.824751853942871
v -1.9165366888046265 11.437132835388184 -7.824751853942871
v -1.9165366888046265 11.437132835388184 -7.824751853942871
v -2.0007071495056152 11.434245109558105 -7.824751853942871
v -2.0007071495056152 11.434245109558105 -7.824751853942871
v -4.654907703399658 11.112089157104492 -7.8247528076171875
v -4.654907703399658 11.112089157104492 -7.8247528076171875
v -4.3661298751831055 11.121994972229004 -7.824751853942871
v -4.3661298751831055 11.121994972229004 -7.824751853942871
v -4.654907703399658 11.112089157104492 -8.052075386047363
v -4.654907703399658 11.112089157104492 -8.052075386047363
v -4.281133651733398 11.124911308288574 -8.052075386047363
v -4.281133651733398 11.124911308288574 -8.052075386047363
v -3.9073586463928223 11.13773250579834 -8.052075386047363
v -3.9073586463928223 11.13773250579834 -8.052075386047363
v -3.575214147567749 11.149125099182129 -8.052077293395996
v -3.575214147567749 11.149125099182129 -8.052077293395996
v -3.2153160572052 11.16147232055664 -8.052075386047363
v -3.2153160572052 11.16147232055664 -8.052075386047363
v -3.2153160572052 11.16147232055664 -7.824751853942871
v -3.2153160572052 11.16147232055664 -7.824751853942871
v -4.281132698059082 11.124911308288574 -7.8247528076171875
v -4.281132698059082 11.124911308288574 -7.8247528076171875
v -3.6801681518554688 11.145525932312012 -7.824751853942871
v -3.6801681518554688 11.145525932312012 -7.824751853942871
v -3.9073586463928223 11.13773250579834 -7.8247528076171875
v -3.9073586463928223 11.13773250579834 -7.8247528076171875
v -3.575214147567749 11.149125099182129 -7.8247528076171875
v -3.575214147567749 11.149125099182129 -7.8247528076171875
v -3.680168867111206 11.145525932312012 -8.052075386047363
v -3.680168867111206 11.145525932312012 -8.052075386047363
v -4.3661298751831055 11.121994972229004 -8.052075386047363
v -4.3661298751831055 11.121994972229004 -8.052075386047363
v -4.623902797698975 10.208236694335938 -7.824751853942871
v -4.623902797698975 10.208236694335938 -7.824751853942871
v -4.335124969482422 10.218143463134766 -8.052075386047363
v -4.335124969482422 10.218143463134766 -8.052075386047363
v -4.335124969482422 10.218143463134766 -7.824751853942871
v -4.335124969482422 10.218143463134766 -7.824751853942871
v -4.623903751373291 10.208236694335938 -8.052075386047363
v -4.623903751373291 10.208236694335938 -8.052075386047363
v -1.994177222251892 10.61970043182373 -7.824751853942871
v -1.994177222251892 10.61970043182373 -7.824751853942871
v -2.6284420490264893 10.597943305969238 -7.824754238128662
v -2.6284420490264893 10.597943305969238 -7.824754238128662
v -2.628441333770752 10.597943305969238 -8.052077293395996
v -2.628441333770752 10.597943305969238 -8.052077293395996
v -3.1843104362487793 10.25761890411377 -8.052075386047363
v -3.1843104362487793 10.25761890411377 -8.052075386047363
v -3.544208288192749 10.245274543762207 -8.052077293395996
v -3.544208288192749 10.245274543762207 -8.052077293395996
v -1.994177222251892 10.61970043182373 -8.052074432373047
v -1.994177222251892 10.61970043182373 -8.052074432373047
v -1.2757420539855957 10.6443452835083 -8.052074432373047
v -1.2757420539855957 10.6443452835083 -8.052074432373047
v -1.2757420539855957 10.6443452835083 -7.824751853942871
v -1.2757420539855957 10.6443452835083 -7.824751853942871
v -4.250127792358398 10.22105884552002 -8.052075386047363
v -4.250127792358398 10.22105884552002 -8.052075386047363
v -1.910006046295166 10.622587203979492 -8.052074432373047
v -1.910006046295166 10.622587203979492 -8.052074432373047
v -1.910006046295166 10.622587203979492 -7.8247504234313965
v -1.910006046295166 10.622587203979492 -7.8247504234313965
v -4.250127792358398 10.22105884552002 -7.8247528076171875
v -4.250127792358398 10.22105884552002 -7.8247528076171875
v -3.1843104362487793 10.25761890411377 -7.824751853942871
v -3.1843104362487793 10.25761890411377 -7.824751853942871
v -3.8763537406921387 10.233880996704102 -7.8247528076171875
v -3.8763537406921387 10.233880996704102 -7.8247528076171875
v -3.649163246154785 10.241674423217773 -8.052077293395996
v -3.649163246154785 10.241674423217773 -8.052077293395996
v -3.649163246154785 10.241674423217773 -7.8247528076171875
v -3.649163246154785 10.241674423217773 -7.8247528076171875
v -3.8763537406921387 10.233880996704102 -8.052075386047363
v -3.8763537406921387 10.233880996704102 -8.052075386047363
v -3.544208288192749 10.245274543762207 -7.824751853942871
v -3.544208288192749 10.245274543762207 -7.824751853942871
v -4.006958484649658 11.13431453704834 6.852280139923096
v -4.006958484649658 11.13431453704834 6.852280139923096
v -3.975952625274658 10.230462074279785 7.0796003341674805
v -3.975952625274658 10.230462074279785 7.0796003341674805
v -3.975952625274658 10.230462074279785 6.852277755737305
v -3.975952625274658 10.230462074279785 6.852277755737305
v -4.006958484649658 11.13431453704834 7.07960319519043
v -4.006958484649658 11.13431453704834 7.07960319519043
v -2.634974479675293 11.412487030029297 7.07960319519043
v -2.634974479675293 11.412487030029297 7.07960319519043
v -2.6349732875823975 11.412487030029297 6.852280139923096
v -2.6349732875823975 11.412487030029297 6.852280139923096
v -2.00070858001709 11.434243202209473 6.852280139923096
v -2.00070858001709 11.434243202209473 6.852280139923096
v -1.9165387153625488 11.43713092803955 6.852277755737305
v -1.9165387153625488 11.43713092803955 6.852277755737305
v -1.2822740077972412 11.458887100219727 6.852280139923096
v -1.2822740077972412 11.458887100219727 6.852280139923096
v -1.282274603843689 11.458887100219727 7.079606056213379
v -1.282274603843689 11.458887100219727 7.079606056213379
v -1.9165387153625488 11.43713092803955 7.07960319519043
v -1.9165387153625488 11.43713092803955 7.07960319519043
v -2.00070858001709 11.434243202209473 7.0796003341674805
v -2.00070858001709 11.434243202209473 7.0796003341674805
v -4.654910087585449 11.112086296081543 7.07960319519043
v -4.654910087585449 11.112086296081543 7.07960319519043
v -4.36613130569458 11.121993064880371 7.0796003341674805
v -4.36613130569458 11.121993064880371 7.0796003341674805
v -4.654909133911133 11.112086296081543 6.852280139923096
v -4.654909133911133 11.112086296081543 6.852280139923096
v -4.281135082244873 11.124908447265625 6.852277755737305
v -4.281135082244873 11.124908447265625 6.852277755737305
v -3.907360553741455 11.137730598449707 6.852280139923096
v -3.907360553741455 11.137730598449707 6.852280139923096
v -3.5752153396606445 11.149123191833496 6.852280139923096
v -3.5752153396606445 11.149123191833496 6.852280139923096
v -3.215317487716675 11.161469459533691 6.852280139923096
v -3.215317487716675 11.161469459533691 6.852280139923096
v -3.215317487716675 11.161469459533691 7.0796003341674805
v -3.215317487716675 11.161469459533691 7.0796003341674805
v -4.281135082244873 11.124908447265625 7.07960319519043
v -4.281135082244873 11.124908447265625 7.07960319519043
v -3.6801702976226807 11.145524024963379 7.0796003341674805
v -3.6801702976226807 11.145524024963379 7.0796003341674805
v -3.907360553741455 11.137730598449707 7.07960319519043
v -3.907360553741455 11.137730598449707 7.07960319519043
v -3.575216054916382 11.149123191833496 7.079606056213379
v -3.575216054916382 11.149123191833496 7.079606056213379
v -3.6801702976226807 11.145524024963379 6.852280139923096
v -3.6801702976226807 11.145524024963379 6.852280139923096
v -4.36613130569458 11.121993064880371 6.852280139923096
v -4.36613130569458 11.121993064880371 6.852280139923096
v -4.623905181884766 10.208234786987305 7.0796003341674805
v -4.623905181884766 10.208234786987305 7.0796003341674805
v -4.335126876831055 10.218141555786133 6.852277755737305
v -4.335126876831055 10.218141555786133 6.852277755737305
v -4.335126876831055 10.218141555786133 7.0795979499816895
v -4.335126876831055 10.218141555786133 7.0795979499816895
v -4.623905181884766 10.208234786987305 6.852277755737305
v -4.623905181884766 10.208234786987305 6.852277755737305
v -1.9941785335540771 10.672955513000488 7.079606056213379
v -1.9941785335540771 10.672955513000488 7.079606056213379
v -2.6284432411193848 10.651199340820312 7.07960319519043
v -2.6284432411193848 10.651199340820312 7.07960319519043
v -2.6284432411193848 10.651199340820312 6.852277755737305
v -2.6284432411193848 10.651199340820312 6.852277755737305
v -3.184312343597412 10.257616996765137 6.852277755737305
v -3.184312343597412 10.257616996765137 6.852277755737305
v -3.544210433959961 10.245272636413574 6.852277755737305
v -3.544210433959961 10.245272636413574 6.852277755737305
v -1.9941785335540771 10.672955513000488 6.852280139923096
v -1.9941785335540771 10.672955513000488 6.852280139923096
v -1.275744080543518 10.697600364685059 6.852277755737305
v -1.275744080543518 10.697600364685059 6.852277755737305
v -1.2757446765899658 10.697600364685059 7.07960319519043
v -1.2757446765899658 10.697600364685059 7.07960319519043
v -4.2501301765441895 10.221056938171387 6.8522748947143555
v -4.2501301765441895 10.221056938171387 6.8522748947143555
v -1.9100087881088257 10.675843238830566 6.852280139923096
v -1.9100087881088257 10.675843238830566 6.852280139923096
v -1.9100087881088257 10.675843238830566 7.07960319519043
v -1.9100087881088257 10.675843238830566 7.07960319519043
v -4.2501301765441895 10.221056938171387 7.0796003341674805
v -4.2501301765441895 10.221056938171387 7.0796003341674805
v -3.184311866760254 10.257616996765137 7.0795979499816895
v -3.184311866760254 10.257616996765137 7.0795979499816895
v -3.8763556480407715 10.233878135681152 7.0796003341674805
v -3.8763556480407715 10.233878135681152 7.0796003341674805
v -3.6491646766662598 10.24167251586914 6.852277755737305
v -3.6491646766662598 10.24167251586914 6.852277755737305
v -3.6491646766662598 10.24167251586914 7.0795979499816895
v -3.6491646766662598 10.24167251586914 7.0795979499816895
v -3.876354932785034 10.233878135681152 6.852277755737305
v -3.876354932785034 10.233878135681152 6.852277755737305
v -3.544210433959961 10.245272636413574 7.07960319519043
v -3.544210433959961 10.245272636413574 7.07960319519043
v 4.1045823097229 11.260895729064941 0.7481282949447632
v 4.1045823097229 11.260895729064941 0.7481282949447632
v 4.135587692260742 10.357043266296387 0.5208000540733337
v 4.135587692260742 10.357043266296387 0.5208000540733337
v 4.1355881690979 10.357043266296387 0.7481256127357483
v 4.1355881690979 10.357043266296387 0.7481256127357483
v 4.104581356048584 11.260895729064941 0.5208000540733337
v 4.104581356048584 11.260895729064941 0.5208000540733337
v 2.7167608737945557 11.4443998336792 0.5208000540733337
v 2.7167608737945557 11.4443998336792 0.5208000540733337
v 2.7167608737945557 11.4443998336792 0.7481202483177185
v 2.7167608737945557 11.4443998336792 0.7481202483177185
v 2.082496166229248 11.422642707824707 0.7481229305267334
v 2.082496166229248 11.422642707824707 0.7481229305267334
v 1.9983257055282593 11.419755935668945 0.7481229305267334
v 1.9983257055282593 11.419755935668945 0.7481229305267334
v 1.3640609979629517 11.397998809814453 0.7481229305267334
v 1.3640609979629517 11.397998809814453 0.7481229305267334
v 1.3640609979629517 11.397998809814453 0.5208000540733337
v 1.3640609979629517 11.397998809814453 0.5208000540733337
v 1.9983257055282593 11.419755935668945 0.5208000540733337
v 1.9983257055282593 11.419755935668945 0.5208000540733337
v 2.082496166229248 11.422642707824707 0.5208000540733337
v 2.082496166229248 11.422642707824707 0.5208000540733337
v 4.752533912658691 11.283123016357422 0.5208027362823486
v 4.752533912658691 11.283123016357422 0.5208027362823486
v 4.463756561279297 11.27321720123291 0.5208027362823486
v 4.463756561279297 11.27321720123291 0.5208027362823486
v 4.752533912658691 11.283123016357422 0.7481282949447632
v 4.752533912658691 11.283123016357422 0.7481282949447632
v 4.378759384155273 11.270301818847656 0.7481256127357483
v 4.378759384155273 11.270301818847656 0.7481256127357483
v 4.004982948303223 11.257479667663574 0.7481282949447632
v 4.004982948303223 11.257479667663574 0.7481282949447632
v 3.6728391647338867 11.246085166931152 0.7481256127357483
v 3.6728391647338867 11.246085166931152 0.7481256127357483
v 3.312941312789917 11.23374080657959 0.7481282949447632
v 3.312941312789917 11.23374080657959 0.7481282949447632
v 3.312941312789917 11.23374080657959 0.5208027362823486
v 3.312941312789917 11.23374080657959 0.5208027362823486
v 4.378760814666748 11.270301818847656 0.5208027362823486
v 4.378760814666748 11.270301818847656 0.5208027362823486
v 3.777794122695923 11.249686241149902 0.5208027362823486
v 3.777794122695923 11.249686241149902 0.5208027362823486
v 4.004983901977539 11.257479667663574 0.5208027362823486
v 4.004983901977539 11.257479667663574 0.5208027362823486
v 3.6728384494781494 11.246085166931152 0.5208027362823486
v 3.6728384494781494 11.246085166931152 0.5208027362823486
v 3.777794122695923 11.249686241149902 0.7481256127357483
v 3.777794122695923 11.249686241149902 0.7481256127357483
v 4.463755130767822 11.27321720123291 0.7481256127357483
v 4.463755130767822 11.27321720123291 0.7481256127357483
v 4.783537864685059 10.379270553588867 0.5208027362823486
v 4.783537864685059 10.379270553588867 0.5208027362823486
v 4.494760990142822 10.369364738464355 0.7481256127357483
v 4.494760990142822 10.369364738464355 0.7481256127357483
v 4.494760990142822 10.369364738464355 0.5208027362823486
v 4.494760990142822 10.369364738464355 0.5208027362823486
v 4.783537864685059 10.379270553588867 0.7481282949447632
v 4.783537864685059 10.379270553588867 0.7481282949447632
v 2.089026689529419 10.440163612365723 0.5207973718643188
v 2.089026689529419 10.440163612365723 0.5207973718643188
v 2.7232913970947266 10.461920738220215 0.5208000540733337
v 2.7232913970947266 10.461920738220215 0.5208000540733337
v 2.7232913970947266 10.461920738220215 0.7481256127357483
v 2.7232913970947266 10.461920738220215 0.7481256127357483
v 3.3439462184906006 10.329888343811035 0.7481256127357483
v 3.3439462184906006 10.329888343811035 0.7481256127357483
v 3.703845500946045 10.34223461151123 0.7481229305267334
v 3.703845500946045 10.34223461151123 0.7481229305267334
v 2.089026689529419 10.440163612365723 0.7481229305267334
v 2.089026689529419 10.440163612365723 0.7481229305267334
v 1.3705909252166748 10.415520668029785 0.7481229305267334
v 1.3705909252166748 10.415520668029785 0.7481229305267334
v 1.3705909252166748 10.415520668029785 0.5207973718643188
v 1.3705909252166748 10.415520668029785 0.5207973718643188
v 4.409763813018799 10.366449356079102 0.7481282949447632
v 4.409763813018799 10.366449356079102 0.7481282949447632
v 2.0048563480377197 10.437277793884277 0.7481229305267334
v 2.0048563480377197 10.437277793884277 0.7481229305267334
v 2.0048563480377197 10.437277793884277 0.5208000540733337
v 2.0048563480377197 10.437277793884277 0.5208000540733337
v 4.409763813018799 10.366449356079102 0.5208054184913635
v 4.409763813018799 10.366449356079102 0.5208054184913635
v 3.343946933746338 10.329888343811035 0.5208000540733337
v 3.343946933746338 10.329888343811035 0.5208000540733337
v 4.035990238189697 10.35362720489502 0.5208000540733337
v 4.035990238189697 10.35362720489502 0.5208000540733337
v 3.8087997436523438 10.345834732055664 0.7481229305267334
v 3.8087997436523438 10.345834732055664 0.7481229305267334
v 3.8087990283966064 10.345834732055664 0.5208000540733337
v 3.8087990283966064 10.345834732055664 0.5208000540733337
v 4.0359907150268555 10.35362720489502 0.7481256127357483
v 4.0359907150268555 10.35362720489502 0.7481256127357483
v 3.7038462162017822 10.34223461151123 0.5208000540733337
v 3.7038462162017822 10.34223461151123 0.5208000540733337
vt -76.41039276123047 66.74223327636719
vt 17.476377487182617 92.75999450683594
vt 54.99401092529297 20.75197410583496
vt 4.724409580230713 42.0276985168457
vt -54.99401092529297 20.75197410583496
vt 17.476377487182617 42.0276985168457
vt 76.41039276123047 66.74223327636719
vt 4.724409580230713 92.75999450683594
vt 152.09292602539062 45.79164123535156
vt -4.724409580230713 105.71669006347656
vt -152.09292602539062 45.79164123535156
vt -17.476377487182617 105.71669006347656
vt -184.36590576171875 30.763010025024414
vt 17.476377487182617 105.71669006347656
vt -188.6487274169922 28.768625259399414
vt -17.476377487182617 105.71669006347656
vt -220.9217071533203 13.739995002746582
vt 17.476377487182617 105.71669006347656
vt 220.9217071533203 13.739995002746582
vt 4.724409580230713 105.71669006347656
vt 188.6487274169922 28.768625259399414
vt -4.724409580230713 105.71669006347656
vt 184.36590576171875 30.763010025024414
vt 4.724409580230713 105.71669006347656
vt 43.44097900390625 82.09517669677734
vt -4.724409580230713 92.75999450683594
vt 58.13473129272461 75.2527084350586
vt 4.724409580230713 92.75999450683594
vt -43.44097900390625 82.09517669677734
vt -17.476377487182617 92.75999450683594
vt -62.45957946777344 73.2387466430664
vt -17.476377487182617 92.75999450683594
vt -81.47817993164062 64.38231658935547
vt -17.476377487182617 92.75999450683594
vt -98.37854766845703 56.51227951049805
vt -17.476377487182617 92.75999450683594
vt -116.69107055664062 47.984649658203125
vt 17.476377487182617 92.75999450683594
vt 116.69107055664062 47.984649658203125
vt 4.724409580230713 92.75999450683594
vt 62.45957946777344 73.2387466430664
vt -4.724409580230713 92.75999450683594
vt 93.03820037841797 58.9991340637207
vt 4.724409580230713 92.75999450683594
vt 81.47817993164062 64.38231658935547
vt -4.724409580230713 92.75999450683594
vt 98.37854766845703 56.51227951049805
vt -4.724409580230713 92.75999450683594
vt -93.03820037841797 58.9991340637207
vt 17.476377487182617 92.75999450683594
vt -58.13473129272461 75.2527084350586
vt 17.476377487182617 92.75999450683594
vt 22.024593353271484 36.10491180419922
vt -4.724409580230713 42.0276985168457
vt -36.718345642089844 29.262441635131836
vt 17.476377487182617 42.0276985168457
vt 36.718345642089844 29.262441635131836
vt 4.724409580230713 42.0276985168457
vt -22.024593353271484 36.10491180419922
vt -17.476377487182617 42.0276985168457
vt 179.85507202148438 21.076282501220703
vt 4.724409580230713 95.03116607666016
vt 147.58209228515625 36.10491180419922
vt -4.724409580230713 95.03116607666016
vt -147.58209228515625 36.10491180419922
vt -17.476377487182617 95.03116607666016
vt -95.2746810913086 1.994385838508606
vt 17.476377487182617 42.0276985168457
vt -76.962158203125 10.522017478942871
vt -17.476377487182617 42.0276985168457
vt -179.85507202148438 21.076282501220703
vt 17.476377487182617 95.03116607666016
vt -216.41085815429688 4.053267002105713
vt 17.476377487182617 95.03116607666016
vt 216.41085815429688 4.053267002105713
vt 4.724409580230713 95.03116607666016
vt -41.04319381713867 27.24848175048828
vt -17.476377487182617 42.0276985168457
vt -184.13787841796875 19.081897735595703
vt -17.476377487182617 95.03116607666016
vt 184.13787841796875 19.081897735595703
vt -4.724409580230713 95.03116607666016
vt 41.04319381713867 27.24848175048828
vt -4.724409580230713 42.0276985168457
vt 95.2746810913086 1.994385838508606
vt 4.724409580230713 42.0276985168457
vt 60.061790466308594 18.39204978942871
vt -4.724409580230713 42.0276985168457
vt -71.62181091308594 13.008869171142578
vt 17.476377487182617 42.0276985168457
vt 71.62181091308594 13.008869171142578
vt 4.724409580230713 42.0276985168457
vt -60.061790466308594 18.39204978942871
vt -17.476377487182617 42.0276985168457
vt 76.962158203125 10.522017478942871
vt -4.724409580230713 42.0276985168457
vt -76.41039276123047 66.74223327636719
vt 17.476377487182617 92.75999450683594
vt 54.99401092529297 20.75197410583496
vt 4.724409580230713 42.0276985168457
vt -54.99401092529297 20.75197410583496
vt 17.476377487182617 42.0276985168457
vt 76.41039276123047 66.74223327636719
vt 4.724409580230713 92.75999450683594
vt 152.09292602539062 45.79164123535156
vt -4.724409580230713 105.71669006347656
vt -152.09292602539062 45.79164123535156
vt -17.476377487182617 105.71669006347656
vt -184.36590576171875 30.763010025024414
vt 17.476377487182617 105.71669006347656
vt -188.6487274169922 28.768625259399414
vt -17.476377487182617 105.71669006347656
vt -220.9217071533203 13.739995002746582
vt 17.476377487182617 105.71669006347656
vt 220.9217071533203 13.739995002746582
vt 4.724409580230713 105.71669006347656
vt 188.6487274169922 28.768625259399414
vt -4.724409580230713 105.71669006347656
vt 184.36590576171875 30.763010025024414
vt 4.724409580230713 105.71669006347656
vt 43.44097900390625 82.09517669677734
vt -4.724409580230713 92.75999450683594
vt 58.13473129272461 75.2527084350586
vt 4.724409580230713 92.75999450683594
vt -43.44097900390625 82.09517669677734
vt -17.476377487182617 92.75999450683594
vt -62.45957946777344 73.2387466430664
vt -17.476377487182617 92.75999450683594
vt -81.47817993164062 64.38231658935547
vt -17.476377487182617 92.75999450683594
vt -98.37854766845703 56.51227951049805
vt -17.476377487182617 92.75999450683594
vt -116.69107055664062 47.984649658203125
vt 17.476377487182617 92.75999450683594
vt 116.69107055664062 47.984649658203125
vt 4.724409580230713 92.75999450683594
vt 62.45957946777344 73.2387466430664
vt -4.724409580230713 92.75999450683594
vt 93.03820037841797 58.9991340637207
vt 4.724409580230713 92.75999450683594
vt 81.47817993164062 64.38231658935547
vt -4.724409580230713 92.75999450683594
vt 98.37854766845703 56.51227951049805
vt -4.724409580230713 92.75999450683594
vt -93.03820037841797 58.9991340637207
vt 17.476377487182617 92.75999450683594
vt -58.13473129272461 75.2527084350586
vt 17.476377487182617 92.75999450683594
vt 22.024593353271484 36.10491180419922
vt -4.724409580230713 42.0276985168457
vt -36.718345642089844 29.262441635131836
vt 17.476377487182617 42.0276985168457
vt 36.718345642089844 29.262441635131836
vt 4.724409580230713 42.0276985168457
vt -22.024593353271484 36.10491180419922
vt -17.476377487182617 42.0276985168457
vt 179.85507202148438 21.076282501220703
vt 4.724409580230713 95.03116607666016
vt 147.58209228515625 36.10491180419922
vt -4.724409580230713 95.03116607666016
vt -147.58209228515625 36.10491180419922
vt -17.476377487182617 95.03116607666016
vt -95.2746810913086 1.994385838508606
vt 17.476377487182617 42.0276985168457
vt -76.962158203125 10.522017478942871
vt -17.476377487182617 42.0276985168457
vt -179.85507202148438 21.076282501220703
vt 17.476377487182617 95.03116607666016
vt -216.41085815429688 4.053267002105713
vt 17.476377487182617 95.03116607666016
vt 216.41085815429688 4.053267002105713
vt 4.724409580230713 95.03116607666016
vt -41.04319381713867 27.24848175048828
vt -17.476377487182617 42.0276985168457
vt -184.13787841796875 19.081897735595703
vt -17.476377487182617 95.03116607666016
vt 184.13787841796875 19.081897735595703
vt -4.724409580230713 95.03116607666016
vt 41.04319381713867 27.24848175048828
vt -4.724409580230713 42.0276985168457
vt 95.2746810913086 1.994385838508606
vt 4.724409580230713 42.0276985168457
vt 60.061790466308594 18.39204978942871
vt -4.724409580230713 42.0276985168457
vt -71.62181091308594 13.008869171142578
vt 17.476377487182617 42.0276985168457
vt 71.62181091308594 13.008869171142578
vt 4.724409580230713 42.0276985168457
vt -60.061790466308594 18.39204978942871
vt -17.476377487182617 42.0276985168457
vt 76.962158203125 10.522017478942871
vt -4.724409580230713 42.0276985168457
vt -76.41039276123047 66.74223327636719
vt 17.476377487182617 92.75999450683594
vt 54.99401092529297 20.75197410583496
vt 4.724409580230713 42.0276985168457
vt -54.99401092529297 20.75197410583496
vt 17.476377487182617 42.0276985168457
vt 76.41039276123047 66.74223327636719
vt 4.724409580230713 92.75999450683594
vt 152.09292602539062 45.79164123535156
vt -4.724409580230713 105.71669006347656
vt -152.09292602539062 45.79164123535156
vt -17.476377487182617 105.71669006347656
vt -184.36590576171875 30.763010025024414
vt 17.476377487182617 105.71669006347656
vt -188.6487274169922 28.768625259399414
vt -17.476377487182617 105.71669006347656
vt -220.9217071533203 13.739995002746582
vt 17.476377487182617 105.71669006347656
vt 220.9217071533203 13.739995002746582
vt 4.724409580230713 105.71669006347656
vt 188.6487274169922 28.768625259399414
vt -4.724409580230713 105.71669006347656
vt 184.36590576171875 30.763010025024414
vt 4.724409580230713 105.71669006347656
vt 43.44097900390625 82.09517669677734
vt -4.724409580230713 92.75999450683594
vt 58.13473129272461 75.2527084350586
vt 4.724409580230713 92.75999450683594
vt -43.44097900390625 82.09517669677734
vt -17.476377487182617 92.75999450683594
vt -62.45957946777344 73.2387466430664
vt -17.476377487182617 92.75999450683594
vt -81.47817993164062 64.38231658935547
vt -17.476377487182617 92.75999450683594
vt -98.37854766845703 56.51227951049805
vt -17.476377487182617 92.75999450683594
vt -116.69107055664062 47.984649658203125
vt 17.476377487182617 92.75999450683594
vt 116.69107055664062 47.984649658203125
vt 4.724409580230713 92.75999450683594
vt 62.45957946777344 73.2387466430664
vt -4.724409580230713 92.75999450683594
vt 93.03820037841797 58.9991340637207
vt 4.724409580230713 92.75999450683594
vt 81.47817993164062 64.38231658935547
vt -4.724409580230713 92.75999450683594
vt 98.37854766845703 56.51227951049805
vt -4.724409580230713 92.75999450683594
vt -93.03820037841797 58.9991340637207
vt 17.476377487182617 92.75999450683594
vt -58.13473129272461 75.2527084350586
vt 17.476377487182617 92.75999450683594
vt 22.024593353271484 36.10491180419922
vt -4.724409580230713 42.0276985168457
vt -36.718345642089844 29.262441635131836
vt 17.476377487182617 42.0276985168457
vt 36.718345642089844 29.262441635131836
vt 4.724409580230713 42.0276985168457
vt -22.024593353271484 36.10491180419922
vt -17.476377487182617 42.0276985168457
vt 179.85507202148438 21.076282501220703
vt 4.724409580230713 95.03116607666016
vt 147.58209228515625 36.10491180419922
vt -4.724409580230713 95.03116607666016
vt -147.58209228515625 36.10491180419922
vt -17.476377487182617 95.03116607666016
vt -95.2746810913086 1.994385838508606
vt 17.476377487182617 42.0276985168457
vt -76.962158203125 10.522017478942871
vt -17.476377487182617 42.0276985168457
vt -179.85507202148438 21.076282501220703
vt 17.476377487182617 95.03116607666016
vt -216.41085815429688 4.053267002105713
vt 17.476377487182617 95.03116607666016
vt 216.41085815429688 4.053267002105713
vt 4.724409580230713 95.03116607666016
vt -41.04319381713867 27.24848175048828
vt -17.476377487182617 42.0276985168457
vt -184.13787841796875 19.081897735595703
vt -17.476377487182617 95.03116607666016
vt 184.13787841796875 19.081897735595703
vt -4.724409580230713 95.03116607666016
vt 41.04319381713867 27.24848175048828
vt -4.724409580230713 42.0276985168457
vt 95.2746810913086 1.994385838508606
vt 4.724409580230713 42.0276985168457
vt 60.061790466308594 18.39204978942871
vt -4.724409580230713 42.0276985168457
vt -71.62181091308594 13.008869171142578
vt 17.476377487182617 42.0276985168457
vt 71.62181091308594 13.008869171142578
vt 4.724409580230713 42.0276985168457
vt -60.061790466308594 18.39204978942871
vt -17.476377487182617 42.0276985168457
vt 76.962158203125 10.522017478942871
vt -4.724409580230713 42.0276985168457
vn 0 0 1
vn -0.9994115683647742 -0.03430039385578782 0
vn 0 0 -1
vn -0.9994115683647742 -0.03430039385578782 0
vn 0 0 1
vn -0.9994115683647742 -0.03430039385578782 0
vn 0 0 -1
vn -0.9994115683647742 -0.03430039385578782 0
vn 0 0 -1
vn 0.99996800152966 0.007999744794548203 0
vn 0 0 1
vn 0.99996800152966 0.007999744794548203 0
vn 0 0 1
vn -0.99996800152966 -0.007999744794548203 0
vn 0 0 1
vn 0.99996800152966 0.007999744794548203 0
vn 0 0 1
vn -0.99996800152966 -0.007999744794548203 0
vn 0 0 -1
vn -0.99996800152966 -0.007999744794548203 0
vn 0 0 -1
vn 0.99996800152966 0.007999744794548203 0
vn 0 0 -1
vn -0.99996800152966 -0.007999744794548203 0
vn 0 0 -1
vn 0.9994115683647742 0.03430039385578782 0
vn 0 0 -1
vn -0.9994115683647742 -0.03430039385578782 0
vn 0 0 1
vn 0.9994115683647742 0.03430039385578782 0
vn 0 0 1
vn 0.9994115683647742 0.03430039385578782 0
vn 0 0 1
vn 0.9994115683647742 0.03430039385578782 0
vn 0 0 1
vn 0.9994115683647742 0.03430039385578782 0
vn 0 0 1
vn -0.9994115683647742 -0.03430039385578782 0
vn 0 0 -1
vn -0.9994115683647742 -0.03430039385578782 0
vn 0 0 -1
vn 0.9994115683647742 0.03430039385578782 0
vn 0 0 -1
vn -0.9994115683647742 -0.03430039385578782 0
vn 0 0 -1
vn 0.9994115683647742 0.03430039385578782 0
vn 0 0 -1
vn 0.9994115683647742 0.03430039385578782 0
vn 0 0 1
vn -0.9994115683647742 -0.03430039385578782 0
vn 0 0 1
vn -0.9994115683647742 -0.03430039385578782 0
vn 0 0 -1
vn 0.9994115683647742 0.03430039385578782 0
vn 0 0 1
vn -0.9994115683647742 -0.03430039385578782 0
vn 0 0 -1
vn -0.9994115683647742 -0.03430039385578782 0
vn 0 0 1
vn 0.9994115683647742 0.03430039385578782 0
vn 0 0 -1
vn -0.99996800152966 -0.007999744794548203 0
vn 0 0 -1
vn 0.99996800152966 0.007999744794548203 0
vn 0 0 1
vn 0.99996800152966 0.007999744794548203 0
vn 0 0 1
vn -0.9994115683647742 -0.03430039385578782 0
vn 0 0 1
vn 0.9994115683647742 0.03430039385578782 0
vn 0 0 1
vn -0.99996800152966 -0.007999744794548203 0
vn 0 0 1
vn -0.99996800152966 -0.007999744794548203 0
vn 0 0 -1
vn -0.99996800152966 -0.007999744794548203 0
vn 0 0 1
vn 0.9994115683647742 0.03430039385578782 0
vn 0 0 1
vn 0.99996800152966 0.007999744794548203 0
vn 0 0 -1
vn 0.99996800152966 0.007999744794548203 0
vn 0 0 -1
vn 0.9994115683647742 0.03430039385578782 0
vn 0 0 -1
vn -0.9994115683647742 -0.03430039385578782 0
vn 0 0 -1
vn 0.9994115683647742 0.03430039385578782 0
vn 0 0 1
vn -0.9994115683647742 -0.03430039385578782 0
vn 0 0 -1
vn -0.9994115683647742 -0.03430039385578782 0
vn 0 0 1
vn 0.9994115683647742 0.03430039385578782 0
vn 0 0 -1
vn 0.9994115683647742 0.03430039385578782 0
vn 0 0 1
vn -0.9994115683647742 -0.03430039385578782 0
vn 0 0 -1
vn -0.9994115683647742 -0.03430039385578782 0
vn 0 0 1
vn -0.9994115683647742 -0.03430039385578782 0
vn 0 0 -1
vn -0.9994115683647742 -0.03430039385578782 0
vn 0 0 -1
vn 0.9999630220466564 0.008599682512631992 0
vn 0 0 1
vn 0.9999630220466564 0.008599682512631992 0
vn 0 0 1
vn -0.9999630220466564 -0.008599682512631992 0
vn 0 0 1
vn 0.9999630220466564 0.008599682512631992 0
vn 0 0 1
vn -0.9999630220466564 -0.008599682512631992 0
vn 0 0 -1
vn -0.9999630220466564 -0.008599682512631992 0
vn 0 0 -1
vn 0.9999630220466564 0.008599682512631992 0
vn 0 0 -1
vn -0.9999630220466564 -0.008599682512631992 0
vn 0 0 -1
vn 0.9994115683647742 0.03430039385578782 0
vn 0 0 -1
vn -0.9994115683647742 -0.03430039385578782 0
vn 0 0 1
vn 0.9994115683647742 0.03430039385578782 0
vn 0 0 1
vn 0.9994115683647742 0.03430039385578782 0
vn 0 0 1
vn 0.9994115683647742 0.03430039385578782 0
vn 0 0 1
vn 0.9994115683647742 0.03430039385578782 0
vn 0 0 1
vn -0.9994115683647742 -0.03430039385578782 0
vn 0 0 -1
vn -0.9994115683647742 -0.03430039385578782 0
vn 0 0 -1
vn 0.9994115683647742 0.03430039385578782 0
vn 0 0 -1
vn -0.9994115683647742 -0.03430039385578782 0
vn 0 0 -1
vn 0.9994115683647742 0.03430039385578782 0
vn 0 0 -1
vn 0.9994115683647742 0.03430039385578782 0
vn 0 0 1
vn -0.9994115683647742 -0.03430039385578782 0
vn 0 0 1
vn -0.9994115683647742 -0.03430039385578782 0
vn 0 0 -1
vn 0.9994115683647742 0.03430039385578782 0
vn 0 0 1
vn -0.9994115683647742 -0.03430039385578782 0
vn 0 0 -1
vn -0.9994115683647742 -0.03430039385578782 0
vn 0 0 1
vn 0.9994115683647742 0.03430039385578782 0
vn 0 0 -1
vn -0.9999630220466564 -0.008599682512631992 0
vn 0 0 -1
vn 0.9999630220466564 0.008599682512631992 0
vn 0 0 1
vn 0.9999630220466564 0.008599682512631992 0
vn 0 0 1
vn -0.9994115683647742 -0.03430039385578782 0
vn 0 0 1
vn 0.9994115683647742 0.03430039385578782 0
vn 0 0 1
vn -0.9999630220466564 -0.008599682512631992 0
vn 0 0 1
vn -0.9999630220466564 -0.008599682512631992 0
vn 0 0 -1
vn -0.9999630220466564 -0.008599682512631992 0
vn 0 0 1
vn 0.9994115683647742 0.03430039385578782 0
vn 0 0 1
vn 0.9999630220466564 0.008599682512631992 0
vn 0 0 -1
vn 0.9999630220466564 0.008599682512631992 0
vn 0 0 -1
vn 0.9994115683647742 0.03430039385578782 0
vn 0 0 -1
vn -0.9994115683647742 -0.03430039385578782 0
vn 0 0 -1
vn 0.9994115683647742 0.03430039385578782 0
vn 0 0 1
vn -0.9994115683647742 -0.03430039385578782 0
vn 0 0 -1
vn -0.9994115683647742 -0.03430039385578782 0
vn 0 0 1
vn 0.9994115683647742 0.03430039385578782 0
vn 0 0 -1
vn 0.9994115683647742 0.03430039385578782 0
vn 0 0 -1
vn 0.9994115683647742 0.03430039385578782 0
vn 0 0 1
vn 0.9994115683647742 0.03430039385578782 0
vn 0 0 -1
vn 0.9994115683647742 0.03430039385578782 0
vn 0 0 1
vn 0.9994115683647742 0.03430039385578782 0
vn 0 0 1
vn -0.9999782207132774 -0.006599855991466983 0
vn 0 0 -1
vn -0.9999782207132774 -0.006599855991466983 0
vn 0 0 -1
vn 0.9999782207132774 0.006599855991466983 0
vn 0 0 -1
vn -0.9999782207132774 -0.006599855991466983 0
vn 0 0 -1
vn 0.9999782207132774 0.006599855991466983 0
vn 0 0 1
vn 0.9999782207132774 0.006599855991466983 0
vn 0 0 1
vn -0.9999782207132774 -0.006599855991466983 0
vn 0 0 1
vn 0.9999782207132774 0.006599855991466983 0
vn 0 0 1
vn -0.9994115683647742 -0.03430039385578782 0
vn 0 0 1
vn 0.9994115683647742 0.03430039385578782 0
vn 0 0 -1
vn -0.9994115683647742 -0.03430039385578782 0
vn 0 0 -1
vn -0.9994115683647742 -0.03430039385578782 0
vn 0 0 -1
vn -0.9994115683647742 -0.03430039385578782 0
vn 0 0 -1
vn -0.9994115683647742 -0.03430039385578782 0
vn 0 0 -1
vn 0.9994115683647742 0.03430039385578782 0
vn 0 0 1
vn 0.9994115683647742 0.03430039385578782 0
vn 0 0 1
vn -0.9994115683647742 -0.03430039385578782 0
vn 0 0 1
vn 0.9994115683647742 0.03430039385578782 0
vn 0 0 1
vn -0.9994115683647742 -0.03430039385578782 0
vn 0 0 1
vn -0.9994115683647742 -0.03430039385578782 0
vn 0 0 -1
vn 0.9994115683647742 0.03430039385578782 0
vn 0 0 -1
vn 0.9994115683647742 0.03430039385578782 0
vn 0 0 1
vn -0.9994115683647742 -0.03430039385578782 0
vn 0 0 -1
vn 0.9994115683647742 0.03430039385578782 0
vn 0 0 1
vn 0.9994115683647742 0.03430039385578782 0
vn 0 0 -1
vn -0.9994115683647742 -0.03430039385578782 0
vn 0 0 1
vn 0.9999782207132774 0.006599855991466983 0
vn 0 0 1
vn -0.9999782207132774 -0.006599855991466983 0
vn 0 0 -1
vn -0.9999782207132774 -0.006599855991466983 0
vn 0 0 -1
vn 0.9994115683647742 0.03430039385578782 0
vn 0 0 -1
vn -0.9994115683647742 -0.03430039385578782 0
vn 0 0 -1
vn 0.9999782207132774 0.006599855991466983 0
vn 0 0 -1
vn 0.9999782207132774 0.006599855991466983 0
vn 0 0 1
vn 0.9999782207132774 0.006599855991466983 0
vn 0 0 -1
vn -0.9994115683647742 -0.03430039385578782 0
vn 0 0 -1
vn -0.9999782207132774 -0.006599855991466983 0
vn 0 0 1
vn -0.9999782207132774 -0.006599855991466983 0
vn 0 0 1
vn -0.9994115683647742 -0.03430039385578782 0
vn 0 0 1
vn 0.9994115683647742 0.03430039385578782 0
vn 0 0 1
vn -0.9994115683647742 -0.03430039385578782 0
vn 0 0 -1
vn 0.9994115683647742 0.03430039385578782 0
vn 0 0 1
vn 0.9994115683647742 0.03430039385578782 0
vn 0 0 -1
vn -0.9994115683647742 -0.03430039385578782 0
vn 0 0 1
vn -0.9994115683647742 -0.03430039385578782 0
f 746/746/746 750/750/750 748/748/748
f 746/746/746 748/748/748 752/752/752
f 650/650/650 654/654/654 652/652/652
f 650/650/650 652/652/652 656/656/656
f 792/792/792 840/840/840 814/814/814
f 792/792/792 814/814/814 780/780/780
f 662/662/662 720/720/720 710/710/710
f 662/662/662 710/710/710 672/672/672
f 790/790/790 832/832/832 838/838/838
f 790/790/790 838/838/838 778/778/778
f 888/888/888 936/936/936 910/910/910
f 888/888/888 910/910/910 876/876/876
f 866/866/866 894/894/894 900/900/900
f 866/866/866 900/900/900 870/870/870
f 674/674/674 702/702/702 708/708/708
f 674/674/674 708/708/708 678/678/678
f 677/677/677 707/707/707 703/703/703
f 677/677/677 703/703/703 699/699/699
f 773/773/773 803/803/803 799/799/799
f 773/773/773 799/799/799 795/795/795
f 777/777/777 837/837/837 833/833/833
f 777/777/777 833/833/833 793/793/793
f 901/901/901 903/903/903 849/849/849
f 901/901/901 849/849/849 863/863/863
f 862/862/862 922/922/922 920/920/920
f 862/862/862 920/920/920 856/856/856
f 854/854/854 912/912/912 902/902/902
f 854/854/854 902/902/902 864/864/864
f 696/696/696 744/744/744 718/718/718
f 696/696/696 718/718/718 684/684/684
f 709/709/709 711/711/711 657/657/657
f 709/709/709 657/657/657 671/671/671
f 835/835/835 831/831/831 789/789/789
f 835/835/835 789/789/789 787/787/787
f 670/670/670 730/730/730 728/728/728
f 670/670/670 728/728/728 664/664/664
f 663/663/663 727/727/727 721/721/721
f 663/663/663 721/721/721 665/665/665
f 855/855/855 919/919/919 913/913/913
f 855/855/855 913/913/913 857/857/857
f 723/723/723 729/729/729 669/669/669
f 723/723/723 669/669/669 667/667/667
f 705/705/705 701/701/701 673/673/673
f 705/705/705 673/673/673 675/675/675
f 770/770/770 798/798/798 804/804/804
f 770/770/770 804/804/804 774/774/774
f 747/747/747 827/827/827 785/785/785
f 747/747/747 785/785/785 751/751/751
f 908/908/908 926/926/926 880/880/880
f 908/908/908 880/880/880 878/878/878
f 738/738/738 740/740/740 692/692/692
f 738/738/738 692/692/692 698/698/698
f 834/834/834 836/836/836 788/788/788
f 834/834/834 788/788/788 794/794/794
f 886/886/886 928/928/928 934/934/934
f 886/886/886 934/934/934 874/874/874
f 775/775/775 821/821/821 749/749/749
f 775/775/775 749/749/749 745/745/745
f 924/924/924 918/918/918 872/872/872
f 924/924/924 872/872/872 882/882/882
f 875/875/875 909/909/909 907/907/907
f 875/875/875 907/907/907 877/877/877
f 681/681/681 741/741/741 737/737/737
f 681/681/681 737/737/737 697/697/697
f 871/871/871 917/917/917 845/845/845
f 871/871/871 845/845/845 841/841/841
f 829/829/829 839/839/839 791/791/791
f 829/829/829 791/791/791 783/783/783
f 805/805/805 807/807/807 753/753/753
f 805/805/805 753/753/753 767/767/767
f 851/851/851 905/905/905 911/911/911
f 851/851/851 911/911/911 853/853/853
f 679/679/679 725/725/725 653/653/653
f 679/679/679 653/653/653 649/649/649
f 892/892/892 896/896/896 898/898/898
f 892/892/892 898/898/898 868/868/868
f 755/755/755 809/809/809 815/815/815
f 755/755/755 815/815/815 757/757/757
f 819/819/819 825/825/825 765/765/765
f 819/819/819 765/765/765 763/763/763
f 651/651/651 731/731/731 689/689/689
f 651/651/651 689/689/689 655/655/655
f 722/722/722 724/724/724 668/668/668
f 722/722/722 668/668/668 666/666/666
f 759/759/759 823/823/823 817/817/817
f 759/759/759 817/817/817 761/761/761
f 659/659/659 713/713/713 719/719/719
f 659/659/659 719/719/719 661/661/661
f 796/796/796 800/800/800 802/802/802
f 796/796/796 802/802/802 772/772/772
f 801/801/801 797/797/797 769/769/769
f 801/801/801 769/769/769 771/771/771
f 732/732/732 726/726/726 680/680/680
f 732/732/732 680/680/680 690/690/690
f 700/700/700 704/704/704 706/706/706
f 700/700/700 706/706/706 676/676/676
f 828/828/828 822/822/822 776/776/776
f 828/828/828 776/776/776 786/786/786
f 843/843/843 923/923/923 881/881/881
f 843/843/843 881/881/881 847/847/847
f 779/779/779 813/813/813 811/811/811
f 779/779/779 811/811/811 781/781/781
f 812/812/812 830/830/830 784/784/784
f 812/812/812 784/784/784 782/782/782
f 869/869/869 899/899/899 895/895/895
f 869/869/869 895/895/895 891/891/891
f 716/716/716 734/734/734 688/688/688
f 716/716/716 688/688/688 686/686/686
f 766/766/766 826/826/826 824/824/824
f 766/766/766 824/824/824 760/760/760
f 931/931/931 927/927/927 885/885/885
f 931/931/931 885/885/885 883/883/883
f 914/914/914 916/916/916 860/860/860
f 914/914/914 860/860/860 858/858/858
f 758/758/758 816/816/816 806/806/806
f 758/758/758 806/806/806 768/768/768
f 925/925/925 935/935/935 887/887/887
f 925/925/925 887/887/887 879/879/879
f 897/897/897 893/893/893 865/865/865
f 897/897/897 865/865/865 867/867/867
f 850/850/850 904/904/904 906/906/906
f 850/850/850 906/906/906 852/852/852
f 754/754/754 808/808/808 810/810/810
f 754/754/754 810/810/810 756/756/756
f 818/818/818 820/820/820 764/764/764
f 818/818/818 764/764/764 762/762/762
f 683/683/683 717/717/717 715/715/715
f 683/683/683 715/715/715 685/685/685
f 658/658/658 712/712/712 714/714/714
f 658/658/658 714/714/714 660/660/660
f 915/915/915 921/921/921 861/861/861
f 915/915/915 861/861/861 859/859/859
f 739/739/739 735/735/735 693/693/693
f 739/739/739 693/693/693 691/691/691
f 930/930/930 932/932/932 884/884/884
f 930/930/930 884/884/884 890/890/890
f 694/694/694 736/736/736 742/742/742
f 694/694/694 742/742/742 682/682/682
f 733/733/733 743/743/743 695/695/695
f 733/733/733 695/695/695 687/687/687
f 842/842/842 846/846/846 844/844/844
f 842/842/842 844/844/844 848/848/848
f 873/873/873 933/933/933 929/929/929
f 873/873/873 929/929/929 889/889/889
o _(Loose_Entity)006_9
usemtl [Color_C19]
v -4.006956100463867 11.134316444396973 -8.052077293395996
v -4.006956100463867 11.134316444396973 -7.8247528076171875
v -4.006956100463867 11.134316444396973 -7.8247528076171875
v -4.006956100463867 11.134316444396973 -7.8247528076171875
v -2.634971857070923 11.41248893737793 -7.824751853942871
v -1.9165366888046265 11.437132835388184 -7.824751853942871
v -2.0007071495056152 11.434245109558105 -7.824751853942871
v -4.3661298751831055 11.121994972229004 -7.824751853942871
v -4.281133651733398 11.124911308288574 -8.052075386047363
v -3.9073586463928223 11.13773250579834 -8.052075386047363
v -3.9073586463928223 11.13773250579834 -8.052075386047363
v -3.575214147567749 11.149125099182129 -8.052077293395996
v -3.2153160572052 11.16147232055664 -7.824751853942871
v -3.2153160572052 11.16147232055664 -7.824751853942871
v -4.281132698059082 11.124911308288574 -7.8247528076171875
v -3.6801681518554688 11.145525932312012 -7.824751853942871
v -3.6801681518554688 11.145525932312012 -7.824751853942871
v -3.6801681518554688 11.145525932312012 -7.824751853942871
v -3.9073586463928223 11.13773250579834 -7.8247528076171875
v -3.575214147567749 11.149125099182129 -7.8247528076171875
v -3.680168867111206 11.145525932312012 -8.052075386047363
v -4.006958484649658 11.13431453704834 6.852280139923096
v -4.006958484649658 11.13431453704834 7.07960319519043
v -4.006958484649658 11.13431453704834 7.07960319519043
v -2.634974479675293 11.412487030029297 7.07960319519043
v -1.9165387153625488 11.43713092803955 7.07960319519043
v -2.00070858001709 11.434243202209473 7.0796003341674805
v -4.36613130569458 11.121993064880371 7.0796003341674805
v -4.654909133911133 11.112086296081543 6.852280139923096
v -4.281135082244873 11.124908447265625 6.852277755737305
v -3.907360553741455 11.137730598449707 6.852280139923096
v -3.907360553741455 11.137730598449707 6.852280139923096
v -3.5752153396606445 11.149123191833496 6.852280139923096
v -3.215317487716675 11.161469459533691 7.0796003341674805
v -4.281135082244873 11.124908447265625 7.07960319519043
v -3.6801702976226807 11.145524024963379 7.0796003341674805
v -3.6801702976226807 11.145524024963379 7.0796003341674805
v -3.907360553741455 11.137730598449707 7.07960319519043
v -3.575216054916382 11.149123191833496 7.079606056213379
v -3.6801702976226807 11.145524024963379 6.852280139923096
v -4.36613130569458 11.121993064880371 6.852280139923096
v 4.1045823097229 11.260895729064941 0.7481282949447632
v 4.104581356048584 11.260895729064941 0.5208000540733337
v 2.7167608737945557 11.4443998336792 0.5208000540733337
v 1.9983257055282593 11.419755935668945 0.5208000540733337
v 2.082496166229248 11.422642707824707 0.5208000540733337
v 4.463756561279297 11.27321720123291 0.5208027362823486
v 4.752533912658691 11.283123016357422 0.7481282949447632
v 4.378759384155273 11.270301818847656 0.7481256127357483
v 4.378759384155273 11.270301818847656 0.7481256127357483
v 4.004982948303223 11.257479667663574 0.7481282949447632
v 4.004982948303223 11.257479667663574 0.7481282949447632
v 3.6728391647338867 11.246085166931152 0.7481256127357483
v 4.378760814666748 11.270301818847656 0.5208027362823486
v 3.777794122695923 11.249686241149902 0.5208027362823486
v 4.004983901977539 11.257479667663574 0.5208027362823486
v 3.777794122695923 11.249686241149902 0.7481256127357483
v 4.463755130767822 11.27321720123291 0.7481256127357483
vt -17.476377487182617 -41.09328842163086
vt -4.724409580230713 -41.09328842163086
vt -4.724409580230713 -41.09328842163086
vt -4.724409580230713 -41.09328842163086
vt -4.724409580230713 -118.54582977294922
vt -4.724409580230713 -158.87088012695312
vt -4.724409580230713 -154.14646911621094
vt -4.724409580230713 -20.933225631713867
vt -17.476377487182617 -25.70400619506836
vt -17.476377487182617 -46.68360137939453
vt -17.476377487182617 -46.68360137939453
vt -17.476377487182617 -65.3265609741211
vt -4.724409580230713 -85.52727508544922
vt -4.724409580230713 -85.52727508544922
vt -4.724409580230713 -25.70400619506836
vt -4.724409580230713 -59.435569763183594
vt -4.724409580230713 -59.435569763183594
vt -4.724409580230713 -59.435569763183594
vt -4.724409580230713 -46.68360137939453
vt -4.724409580230713 -65.3265609741211
vt -17.476377487182617 -59.435569763183594
vt -17.476377487182617 -41.09328842163086
vt -4.724409580230713 -41.09328842163086
vt -4.724409580230713 -41.09328842163086
vt -4.724409580230713 -118.54582977294922
vt -4.724409580230713 -158.87088012695312
vt -4.724409580230713 -154.14646911621094
vt -4.724409580230713 -20.933225631713867
vt -17.476377487182617 -4.724409580230713
vt -17.476377487182617 -25.70400619506836
vt -17.476377487182617 -46.68360137939453
vt -17.476377487182617 -46.68360137939453
vt -17.476377487182617 -65.3265609741211
vt -4.724409580230713 -85.52727508544922
vt -4.724409580230713 -25.70400619506836
vt -4.724409580230713 -59.435569763183594
vt -4.724409580230713 -59.435569763183594
vt -4.724409580230713 -46.68360137939453
vt -4.724409580230713 -65.3265609741211
vt -17.476377487182617 -59.435569763183594
vt -17.476377487182617 -20.933225631713867
vt -17.476377487182617 -41.09328842163086
vt -4.724409580230713 -41.09328842163086
vt -4.724409580230713 -118.54582977294922
vt -4.724409580230713 -158.87088012695312
vt -4.724409580230713 -154.14646911621094
vt -4.724409580230713 -20.933225631713867
vt -17.476377487182617 -4.724409580230713
vt -17.476377487182617 -25.70400619506836
vt -17.476377487182617 -25.70400619506836
vt -17.476377487182617 -46.68360137939453
vt -17.476377487182617 -46.68360137939453
vt -17.476377487182617 -65.3265609741211
vt -4.724409580230713 -25.70400619506836
vt -4.724409580230713 -59.435569763183594
vt -4.724409580230713 -46.68360137939453
vt -17.476377487182617 -59.435569763183594
vt -17.476377487182617 -20.933225631713867
vn 0.04950011447996298 -0.9653022741831134 -0.2564005813631857
vn 0.01510051884842299 -0.9478325044129281 -0.31841092617689054
vn -0.012399843723764058 0.9080884928050728 -0.4185947122344448
vn -0.03430039385578782 0.9994115683647742 0
vn 0 0 -1
vn 0 0 -1
vn 0 0 -1
vn -0.03430039385578782 0.9994115683647742 0
vn 0.04950011447996298 -0.9653022741831134 -0.2564005813631857
vn 0.04950011447996298 -0.9653022741831134 -0.2564005813631857
vn -0.056101412093267605 0 -0.9984250755871175
vn -0.056101412093267605 0 -0.9984250755871175
vn 0.01510051884842299 -0.9478325044129281 -0.31841092617689054
vn -0.016799915869635213 0.7888960973414003 -0.6142969236666265
vn -0.032999360705099325 0.9074824473299069 0.4187918934043228
vn 0.01510051884842299 -0.9478325044129281 -0.31841092617689054
vn -0.012399843723764058 0.9080884928050728 -0.4185947122344448
vn -0.0343003936842819 0.9994115633676013 -0.0001000011523919552
vn -0.012399843723764058 0.9080884928050728 -0.4185947122344448
vn -0.023700480201993765 0.9024182743384417 -0.430208723038276
vn -0.056101412093267605 0 -0.9984250755871175
vn -0.02990007235234684 0.8735021465970418 -0.485901209675058
vn 0.025999746786452168 -0.9512907109195212 -0.3071969994730946
vn 0.02790086272893643 -0.9873305371032002 -0.15620484103409585
vn -0.03430039385578782 0.9994115683647742 0
vn -0.03430039385578782 0.9994115683647742 0
vn -0.027801143170017126 0.9957409560003572 -0.08790361188219292
vn 0.02790086272893643 -0.9873305371032002 -0.15620484103409585
vn -0.03430039385578782 0.9994115683647742 0
vn -0.03430039385578782 0.9994115683647742 0
vn 0 0 -1
vn -0.03430039385578782 0.9994115683647742 0
vn 0 0 -1
vn 0.031500868820675494 -0.9871271949393017 -0.15680432479625134
vn 0.02790086272893643 -0.9873305371032002 -0.15620484103409585
vn 0.025999746786452168 -0.9512907109195212 -0.3071969994730946
vn 0.031500868820675494 -0.9871271949393017 -0.15680432479625134
vn 0.025999746786452168 -0.9512907109195212 -0.3071969994730946
vn 0.031500868820675494 -0.9871271949393017 -0.15680432479625134
vn 0 0 -1
vn -0.03320045710900039 0.9918137018520068 -0.12330170504243684
vn 0.025900358425597795 -0.7575104859385209 -0.65230900279439
vn -0.03430039385578782 0.9994115683647742 0
vn 0 0 1
vn 0 0 1
vn 0 0 1
vn -0.03430039385578782 0.9994115683647742 0
vn -0.03430039385578782 0.9994115683647742 0
vn 0.025900358425597795 -0.7575104859385209 -0.65230900279439
vn -0.03430039385578782 0.9994115683647742 0
vn 0.025900358425597795 -0.7575104859385209 -0.65230900279439
vn -0.03430039385578782 0.9994115683647742 0
vn -0.03430039385578782 0.9994115683647742 0
vn -0.030699551064760494 0.9375863089995693 -0.34639493463528936
vn -0.03430039385578782 0.9994115683647742 0
vn -0.03449921042712174 0.9912773077238914 -0.12719710559434322
vn -0.031200063361924307 0.9412019551902095 0.336400706884422
vn -0.03289874067524686 0.9891620859992701 -0.1430945159101342
f 942/942/942 943/943/943 941/941/941
f 940/940/940 951/951/951 944/944/944
f 949/949/949 952/952/952 938/938/938
f 953/953/953 955/955/955 939/939/939
f 950/950/950 956/956/956 954/954/954
f 948/948/948 947/947/947 957/957/957
f 946/946/946 945/945/945 937/937/937
f 962/962/962 963/963/963 961/961/961
f 960/960/960 971/971/971 964/964/964
f 972/972/972 974/974/974 959/959/959
f 970/970/970 975/975/975 973/973/973
f 969/969/969 967/967/967 976/976/976
f 968/968/968 966/966/966 958/958/958
f 966/966/966 965/965/965 977/977/977
f 981/981/981 982/982/982 980/980/980
f 979/979/979 990/990/990 983/983/983
f 991/991/991 992/992/992 979/979/979
f 989/989/989 988/988/988 993/993/993
f 987/987/987 985/985/985 978/978/978
f 986/986/986 984/984/984 994/994/994
o _(Loose_Entity)006_10
usemtl Material.002
v 1.2093764543533325 3.1304819583892822 -16.537086486816406
v 1.2093764543533325 3.1304819583892822 -16.537086486816406
v 1.2093764543533325 3.1304819583892822 -16.537086486816406
v 1.2121949195861816 2.6884875297546387 -17.498136520385742
v 1.2121949195861816 2.6884875297546387 -17.498136520385742
v 1.2121949195861816 2.6884875297546387 -17.498136520385742
v 3.726470470428467 2.7205135822296143 -17.498138427734375
v 3.726470470428467 2.7205135822296143 -17.498138427734375
v 3.726470470428467 2.7205135822296143 -17.498138427734375
v 3.726470470428467 3.1304805278778076 -16.537090301513672
v 3.726470470428467 3.1304805278778076 -16.537090301513672
v 3.726470470428467 3.1304805278778076 -16.537090301513672
v 3.0971970558166504 3.0970704555511475 -16.537090301513672
v 3.0971970558166504 3.0970704555511475 -16.537090301513672
v 2.467923402786255 3.1143972873687744 -16.53708839416504
v 2.467923402786255 3.1143972873687744 -16.53708839416504
v 1.8386499881744385 3.1249547004699707 -16.537086486816406
v 1.8386499881744385 3.1249547004699707 -16.537086486816406
v 3.0979018211364746 2.6790966987609863 -17.518077850341797
v 3.0979018211364746 2.6790966987609863 -17.518077850341797
v 2.469332695007324 2.6884162425994873 -17.498138427734375
v 2.469332695007324 2.6884162425994873 -17.498138427734375
v 1.840764045715332 2.690967082977295 -17.468751907348633
v 1.840764045715332 2.690967082977295 -17.468751907348633
v 1.8389654159545898 3.0754032135009766 -16.506467819213867
v 1.8389654159545898 3.0754032135009766 -16.506467819213867
v 1.8389654159545898 3.0754032135009766 -16.506467819213867
v 1.8389654159545898 3.0754032135009766 -16.506467819213867
v 1.209691047668457 3.081057071685791 -16.506263732910156
v 1.209691047668457 3.081057071685791 -16.506263732910156
v 1.209691047668457 3.081057071685791 -16.506263732910156
v 1.2123128175735474 2.6699531078338623 -17.494461059570312
v 1.2123128175735474 2.6699531078338623 -17.494461059570312
v 1.2123128175735474 2.6699531078338623 -17.494461059570312
v 1.8410793542861938 2.6632189750671387 -17.433420181274414
v 1.8410793542861938 2.6632189750671387 -17.433420181274414
v 1.8410793542861938 2.6632189750671387 -17.433420181274414
v 1.8410793542861938 2.6632189750671387 -17.433420181274414
v 3.726789712905884 3.0803003311157227 -16.507511138916016
v 3.726789712905884 3.0803003311157227 -16.507511138916016
v 3.726789712905884 3.0803003311157227 -16.507511138916016
v 3.7266154289245605 2.697748899459839 -17.49386978149414
v 3.7266154289245605 2.697748899459839 -17.49386978149414
v 3.7266154289245605 2.697748899459839 -17.49386978149414
v 3.09751558303833 3.0470151901245117 -16.507301330566406
v 3.09751558303833 3.0470151901245117 -16.507301330566406
v 3.09751558303833 3.0470151901245117 -16.507301330566406
v 3.09751558303833 3.0470151901245117 -16.507301330566406
v 2.46824049949646 3.0645933151245117 -16.506881713867188
v 2.46824049949646 3.0645933151245117 -16.506881713867188
v 2.46824049949646 3.0645933151245117 -16.506881713867188
v 2.46824049949646 3.0645933151245117 -16.506881713867188
v 3.0982203483581543 2.6508448123931885 -17.48301124572754
v 3.0982203483581543 2.6508448123931885 -17.48301124572754
v 3.0982203483581543 2.6508448123931885 -17.48301124572754
v 3.0982203483581543 2.6508448123931885 -17.48301124572754
v 2.4696497917175293 2.6604158878326416 -17.46293830871582
v 2.4696497917175293 2.6604158878326416 -17.46293830871582
v 2.4696497917175293 2.6604158878326416 -17.46293830871582
v 2.4696497917175293 2.6604158878326416 -17.46293830871582
vt 0.8010057210922241 0.7405869960784912
vt 0.8010057210922241 0.7405869960784912
vt 0.8010057210922241 0.7405869960784912
vt 0.8002306818962097 0.4975889325141907
vt 0.8002306818962097 0.4975889325141907
vt 0.8002306818962097 0.4975889325141907
vt 0.021179288625717163 0.5151968598365784
vt 0.021179288625717163 0.5151968598365784
vt 0.021179288625717163 0.5151968598365784
vt 0.10893439501523972 0.7405869960784912
vt 0.10893439501523972 0.7405869960784912
vt 0.10893439501523972 0.7405869960784912
vt 0.28195223212242126 0.7405869960784912
vt 0.28195223212242126 0.7405869960784912
vt 0.4549700617790222 0.7405869960784912
vt 0.4549700617790222 0.7405869960784912
vt 0.6279878616333008 0.7405869960784912
vt 0.6279878616333008 0.7405869960784912
vt 0.2159421294927597 0.5107949376106262
vt 0.2159421294927597 0.5107949376106262
vt 0.41070497035980225 0.5063928961753845
vt 0.41070497035980225 0.5063928961753845
vt 0.6054677963256836 0.5019909739494324
vt 0.6054677963256836 0.5019909739494324
vt 0.6279813051223755 0.657001256942749
vt 0.6279987096786499 0.6571394205093384
vt 0.6101288199424744 0.49180322885513306
vt 0.6101445555686951 0.4919281005859375
vt 0.8010057210922241 0.657070517539978
vt 0.7664759755134583 0.4918658137321472
vt 0.7837291359901428 0.729215681552887
vt 0.8002306222915649 0.47986817359924316
vt 0.8002306222915649 0.47986817359924316
vt 0.7937164306640625 0.4974657893180847
vt 0.6054654121398926 0.45466840267181396
vt 0.605474591255188 0.4548078775405884
vt 0.6054654121398926 0.45466840267181396
vt 0.605474591255188 0.4548078775405884
vt 0.14111129939556122 0.4918658137321472
vt 0.12955939769744873 0.7361913919448853
vt 0.10893439501523972 0.7405869960784912
vt 0.021179338917136192 0.4947575330734253
vt 0.021179338917136192 0.4947575330734253
vt 0.021179338917136192 0.4947575330734253
vt 0.297434538602829 0.4918036460876465
vt 0.29747462272644043 0.4919275641441345
vt 0.2819324731826782 0.7405180931091309
vt 0.2819768190383911 0.6571388244628906
vt 0.4549570679664612 0.6570014357566833
vt 0.45498764514923096 0.6571389436721802
vt 0.4537818431854248 0.4918034076690674
vt 0.4538094997406006 0.4919276237487793
vt 0.2159266322851181 0.4656708240509033
vt 0.21596208214759827 0.4636114835739136
vt 0.21592670679092407 0.4634730815887451
vt 0.21596208214759827 0.4636114835739136
vt 0.4106960594654083 0.459070086479187
vt 0.41071802377700806 0.4592092037200928
vt 0.4106960594654083 0.459070086479187
vt 0.41071802377700806 0.461406946182251
vn 0.004800014914828269 0.5274015941214777 0.8496025649531324
vn 0.011999398381172675 0.9074545327277493 -0.4199789107447563
vn -0.9999795206307406 -0.006399868679462051 0
vn 0.011999398381172675 0.9074545327277493 -0.4199789107447563
vn 0.05279965129844575 -0.6432957410009355 -0.7637949897929548
vn -0.9999795206307406 -0.006399868679462051 0
vn 0.048600691221760084 -0.6096086962626307 -0.7912112298582109
vn 0.9999833104187217 0.005299911367150349 -0.0022999616333345694
vn -0.04840084810713692 0.9188161303122239 -0.39170687584031555
vn 0.9999833104187217 0.005299911367150349 -0.0022999616333345694
vn -0.02679934608704157 0.5092875736169259 0.8601790292774473
vn -0.04840084810713692 0.9188161303122239 -0.39170687584031555
vn -0.006199916009631615 0.5122930503585101 0.8587883275847704
vn -0.01779966538583999 0.9183827839675708 -0.3952925929284867
vn 0.006399776225926676 0.9137680990984022 -0.40618579976945357
vn 0.011800359210841709 0.5186157317799119 0.8549260051448204
vn 0.005899888152051682 0.9089827057974961 -0.41679207271834695
vn 0.0069999811333591256 0.5247985727685575 0.8511976611129861
vn 0.00879994076201266 -0.700095314381313 -0.7139951763309859
vn -0.017499765931570925 0.9183876421790882 -0.3952946962521451
vn 0.006599961787280175 0.9138947090560945 -0.4058976487535776
vn -0.03199958815195813 -0.7822899537795178 -0.622091998480727
vn 0.005899888152051682 0.9089827057974961 -0.41679207271834695
vn 0.010399794530932963 -0.7177858530166091 -0.696186263497732
vn 0.0069999811333591256 0.5247985727685575 0.8511976611129861
vn 0.0069999811333591256 0.5247985727685575 0.8511976611129861
vn -0.01440010729178884 -0.9180068654629084 0.3963029546608889
vn -0.01440010729178884 -0.9180068654629084 0.3963029546608889
vn 0.004800014914828269 0.5274015941214777 0.8496025649531324
vn -0.02809949199923388 -0.9183833536000587 0.394692835480573
vn -0.9999795206307406 -0.006399868679462051 0
vn 0.05279965129844575 -0.6432957410009355 -0.7637949897929548
vn -0.02809949199923388 -0.9183833536000587 0.394692835480573
vn -0.9999795206307406 -0.006399868679462051 0
vn 0.00940018778979782 -0.719514414125889 -0.694413885470758
vn 0.00940018778979782 -0.719514414125889 -0.694413885470758
vn -0.01440010729178884 -0.9180068654629084 0.3963029546608889
vn -0.01440010729178884 -0.9180068654629084 0.3963029546608889
vn 0.06239711894408063 -0.9276571912407393 0.36818301846611634
vn 0.9999833104187217 0.005299911367150349 -0.0022999616333345694
vn -0.02679934608704157 0.5092875736169259 0.8601790292774473
vn 0.048600691221760084 -0.6096086962626307 -0.7912112298582109
vn 0.06239711894408063 -0.9276571912407393 0.36818301846611634
vn 0.9999833104187217 0.005299911367150349 -0.0022999616333345694
vn 0.024400454052198494 -0.9264172329895521 0.3757069712715334
vn 0.024400454052198494 -0.9264172329895521 0.3757069712715334
vn -0.006099920843982966 0.5122933491997624 0.8587888653978855
vn -0.006099920843982966 0.5122933491997624 0.8587888653978855
vn 0.011899947580137064 0.5184976819318909 0.8549962251839747
vn 0.011899947580137064 0.5184976819318909 0.8549962251839747
vn -0.00699974921922174 -0.9206670499141281 0.39028603192182565
vn -0.00699974921922174 -0.9206670499141281 0.39028603192182565
vn 0.007699667904121576 -0.702269746650181 -0.7118693124823241
vn 0.007699667904121576 -0.702269746650181 -0.7118693124823241
vn 0.024700277570932228 -0.926410404924725 0.3757042160198981
vn 0.024700277570932228 -0.926410404924725 0.3757042160198981
vn -0.007299620913578873 -0.9207521403149357 0.3900797503587995
vn -0.007299620913578873 -0.9207521403149357 0.3900797503587995
vn -0.032001578724526226 -0.7823386221572599 -0.6220306899504379
vn -0.032001578724526226 -0.7823386221572599 -0.6220306899504379
f 1008/1008/1008 1006/1006/1006 1003/1003/1003
f 1008/1008/1008 1003/1003/1003 1014/1014/1014
f 996/996/996 1011/1011/1011 1017/1017/1017
f 996/996/996 1017/1017/1017 998/998/998
f 1011/1011/1011 1009/1009/1009 1015/1015/1015
f 1011/1011/1011 1015/1015/1015 1017/1017/1017
f 1009/1009/1009 1008/1008/1008 1014/1014/1014
f 1009/1009/1009 1014/1014/1014 1015/1015/1015
f 1040/1040/1040 1050/1050/1050 1037/1037/1037
f 1040/1040/1040 1037/1037/1037 1033/1033/1033
f 1024/1024/1024 1027/1027/1027 1031/1031/1031
f 1024/1024/1024 1031/1031/1031 1021/1021/1021
f 1022/1022/1022 1032/1032/1032 1051/1051/1051
f 1022/1022/1022 1051/1051/1051 1045/1045/1045
f 1046/1046/1046 1052/1052/1052 1049/1049/1049
f 1046/1046/1046 1049/1049/1049 1039/1039/1039
f 1010/1010/1010 1044/1044/1044 1041/1041/1041
f 1010/1010/1010 1041/1041/1041 1007/1007/1007
f 1018/1018/1018 1029/1029/1029 1026/1026/1026
f 1018/1018/1018 1026/1026/1026 999/999/999
f 1016/1016/1016 1053/1053/1053 1030/1030/1030
f 1016/1016/1016 1030/1030/1030 1018/1018/1018
f 1012/1012/1012 1020/1020/1020 1043/1043/1043
f 1012/1012/1012 1043/1043/1043 1010/1010/1010
f 1004/1004/1004 1034/1034/1034 1038/1038/1038
f 1004/1004/1004 1038/1038/1038 1002/1002/1002
f 1001/1001/1001 1036/1036/1036 1048/1048/1048
f 1001/1001/1001 1048/1048/1048 1013/1013/1013
f 995/995/995 1023/1023/1023 1019/1019/1019
f 995/995/995 1019/1019/1019 1012/1012/1012
f 1007/1007/1007 1042/1042/1042 1035/1035/1035
f 1007/1007/1007 1035/1035/1035 1005/1005/1005
f 1000/1000/1000 1028/1028/1028 1025/1025/1025
f 1000/1000/1000 1025/1025/1025 997/997/997
f 1013/1013/1013 1047/1047/1047 1054/1054/1054
f 1013/1013/1013 1054/1054/1054 1016/1016/1016
o stalinka1_extras
usemtl Material.002
v -1.929647827156927 3.247100791897708 16.389775106383922
v 1.6954915358085287 3.247102130539872 16.38977778366825
v 4.871342261863845 2.261297427326056 16.33835384492943
v 4.871342261863845 2.261297427326056 16.33835384492943
v -1.9296484964780092 4.004144768336317 16.389775106383922
v 1.6954905318269056 4.004146441639023 16.38977778366825
v 4.983734657972434 3.046907525558481 16.985714502339306
v 4.983734657972434 3.046907525558481 16.985714502339306
v 4.983734657972434 3.046907525558481 16.985714502339306
v 4.85654256875668 3.262708690211525 16.338352506287265
v 4.85654256875668 3.262708690211525 16.338352506287265
v 4.9967793912022955 4.363042429758309 16.33835384492943
v 4.9967793912022955 4.363042429758309 16.33835384492943
v 4.9967793912022955 4.363042429758309 16.985714502339306
v 4.9967793912022955 4.363042429758309 16.985714502339306
v 4.9967793912022955 4.363042429758309 16.985714502339306
v 4.996780060523378 3.262708690211525 16.338352506287265
v 4.996780060523378 3.262708690211525 16.338352506287265
v -4.767743740792611 4.347211982184689 16.338352506287265
v -4.767743740792611 4.347211982184689 16.338352506287265
v -4.90555025838907 5.936333840311761 16.96331901893177
v -4.90555025838907 5.936333840311761 16.96331901893177
v -4.90555025838907 5.936333840311761 16.96331901893177
v -4.797072721289766 5.936334509632843 16.96331901893177
v -4.797072721289766 5.936334509632843 16.96331901893177
v -4.797072721289766 5.936334509632843 16.96331901893177
v -4.767743740792611 5.936333840311761 16.3383511676451
v -4.767743740792611 5.936333840311761 16.3383511676451
v -4.881742172837733 4.342341332670145 16.963320357573934
v -4.881742172837733 4.342341332670145 16.963320357573934
v -4.881742172837733 4.342341332670145 16.963320357573934
v -4.767743740792611 4.347211982184689 16.963320357573934
v -4.767743740792611 4.347211982184689 16.963320357573934
v -4.767743740792611 4.347211982184689 16.963320357573934
v -4.841515306481597 4.347211982184689 16.338352506287265
v -4.841515306481597 4.347211982184689 16.338352506287265
v -4.87453860469148 5.936783624078942 16.3383511676451
v -4.87453860469148 5.936783624078942 16.3383511676451
v 4.983734657972434 2.261297427326056 16.33835384492943
v 4.983734657972434 2.261297427326056 16.33835384492943
v 4.983734657972434 2.261297427326056 16.985714502339306
v 4.983734657972434 2.261297427326056 16.985714502339306
v 4.983734657972434 2.261297427326056 16.985714502339306
v 4.871342261863845 2.261297427326056 16.985714502339306
v 4.871342261863845 2.261297427326056 16.985714502339306
v 4.871342261863845 2.261297427326056 16.985714502339306
v 4.87134092322168 3.046907525558481 16.33835384492943
v 4.87134092322168 3.046907525558481 16.33835384492943
v 4.876256417248726 3.046907525558481 16.985714502339306
v 4.876256417248726 3.046907525558481 16.985714502339306
v 4.876256417248726 3.046907525558481 16.985714502339306
v 4.978820502587553 3.046907525558481 16.33835384492943
v 4.978820502587553 3.046907525558481 16.33835384492943
v 4.996780060523378 3.262708690211525 16.98571316369714
v 4.996780060523378 3.262708690211525 16.98571316369714
v 4.996780060523378 3.262708690211525 16.98571316369714
v 4.856541899435598 4.363042429758309 16.33835384492943
v 4.856541899435598 4.363042429758309 16.33835384492943
v 4.840669619294346 3.262708690211525 16.98571316369714
v 4.840669619294346 3.262708690211525 16.98571316369714
v 4.840669619294346 3.262708690211525 16.98571316369714
v 4.856541899435598 4.363042429758309 16.985714502339306
v 4.856541899435598 4.363042429758309 16.985714502339306
v 4.856541899435598 4.363042429758309 16.985714502339306
vt 0 0.014256656169891357
vt 0.9967266917228699 0.014256596565246582
vt 0.8667925000190735 0.4759864807128906
vt 0.8667925000190735 0.4759864807128906
vt 0 0.4304616451263428
vt 0.9967266917228699 0.430461585521698
vt 0.9807689785957336 0.9490517377853394
vt 0.9807689785957336 0.9490517377853394
vt 0.8667925596237183 0.9078964591026306
vt 0.8667925000190735 0.4759864807128906
vt 0.4752572178840637 1
vt 0.7988355755805969 0.7405869960784912
vt 0.7673731446266174 1
vt 0.7988355755805969 0.7405869960784912
vt 0.7988355755805969 0.7405869960784912
vt 0.7986177802085876 0.8176863193511963
vt 0.9120544195175171 0.4759864807128906
vt 0.4752572178840637 1
vt 0.47525715827941895 0.8927517533302307
vt 0.47525718808174133 0.8927518725395203
vt 0 0.7405869960784912
vt 0 0.7405869960784912
vt 0 0.8002254962921143
vt 0 0.8002254962921143
vt 0 0.8002254962921143
vt 0 0.8002254962921143
vt 0 0.7871392965316772
vt 0.05427059531211853 0.8794612884521484
vt 0.43174368143081665 0.7405869364738464
vt 0.43174368143081665 0.7405869364738464
vt 0.43045341968536377 0.8032606244087219
vt 0.43045341968536377 0.8032606244087219
vt 0.43045341968536377 0.8032606244087219
vt 0.43045341968536377 0.8032606244087219
vt 0.47525715827941895 0.8521939516067505
vt 0.47525718808174133 0.8927518725395203
vt 0 0.7416638731956482
vt 0.054151229560375214 0.8794575333595276
vt 0.9120544195175171 0.4759864807128906
vt 0.9498668909072876 0.5013155937194824
vt 0.9807690382003784 0.49796056747436523
vt 0.9807690382003784 0.49796056747436523
vt 0.8667925000190735 0.4759864807128906
vt 0.9498668909072876 0.5013155937194824
vt 0.9498668909072876 0.5013155937194824
vt 0.9498668909072876 0.5013155937194824
vt 0.95121830701828 0.9490516781806946
vt 0.8667925596237183 0.9078964591026306
vt 0.95121830701828 0.9490516781806946
vt 0.95121830701828 0.9490516781806946
vt 0.95121830701828 0.9490516781806946
vt 0.9807689785957336 0.9490517377853394
vt 0.95121830701828 0.9490516781806946
vt 0.5020781755447388 0.7405869960784912
vt 0.9807690382003784 0.49796056747436523
vt 0.4932045340538025 0.8264128565788269
vt 0.7986177802085876 0.8176863193511963
vt 0.7673731446266174 1
vt 0.4932045340538025 0.8264128565788269
vt 0.9498668909072876 0.5013155937194824
vt 0.4932045340538025 0.8264128565788269
vt 0.7986177802085876 0.8176863193511963
vt 0.7986177802085876 0.8176863193511963
vt 0.7986177802085876 0.8176863193511963
vn 0 0 1
vn 0 0 1
vn 0 -1 0
vn -0.9999879752165928 0.003099962883731452 0.003799954254786575
vn 0 0 1
vn 0 0 1
vn 0 0 1
vn 0 1 0
vn 0.9999879752165928 0.003099962883731452 -0.003799954254786575
vn 0 -1 0
vn -0.9998984301579474 0.007199988675049968 -0.012299980924846113
vn 0 1 0
vn 1 0 0
vn 0 0 1
vn 0 1 0
vn 1 0 0
vn 0 -1 0
vn 1 0 0
vn 0.025898958723259924 -0.9996597594728974 -0.003099875423257635
vn 0.9996815160781937 0.009199829622065846 0.023499564815740427
vn 0 0 1
vn 0.0020999951319763815 0.9999976700080657 0.0004999988852954487
vn -0.9982154326616216 -0.01780027409728152 -0.0570008792759659
vn 0 0 1
vn 0.0020999951319763815 0.9999976700080657 0.0004999988852954487
vn 0.9996815160781937 0.009199829622065846 0.023499564815740427
vn 0.0020999951319763815 0.9999976700080657 0.0004999988852954487
vn 0.9996815160781937 0.009199829622065846 0.023499564815740427
vn 0 0 1
vn 0.025898958723259924 -0.9996597594728974 -0.003099875423257635
vn -0.9982154326616216 -0.01780027409728152 -0.0570008792759659
vn 0 0 1
vn 0.025898958723259924 -0.9996597594728974 -0.003099875423257635
vn 0.9996815160781937 0.009199829622065846 0.023499564815740427
vn 0.025898958723259924 -0.9996597594728974 -0.003099875423257635
vn -0.9982154326616216 -0.01780027409728152 -0.0570008792759659
vn 0.0020999951319763815 0.9999976700080657 0.0004999988852954487
vn -0.9982154326616216 -0.01780027409728152 -0.0570008792759659
vn 0 -1 0
vn 0.9999879752165928 0.003099962883731452 -0.003799954254786575
vn 0 0 1
vn 0 -1 0
vn 0.9999879752165928 0.003099962883731452 -0.003799954254786575
vn 0 0 1
vn 0 -1 0
vn -0.9999879752165928 0.003099962883731452 0.003799954254786575
vn 0 1 0
vn -0.9999879752165928 0.003099962883731452 0.003799954254786575
vn 0 0 1
vn 0 1 0
vn -0.9999879752165928 0.003099962883731452 0.003799954254786575
vn 0 1 0
vn 0.9999879752165928 0.003099962883731452 -0.003799954254786575
vn 0 0 1
vn 0 -1 0
vn 1 0 0
vn 0 1 0
vn -0.9998984301579474 0.007199988675049968 -0.012299980924846113
vn 0 0 1
vn 0 -1 0
vn -0.9998984301579474 0.007199988675049968 -0.012299980924846113
vn 0 0 1
vn 0 1 0
vn -0.9998984301579474 0.007199988675049968 -0.012299980924846113
f 1061/1061/1061 1103/1103/1103 1098/1098/1098
f 1061/1061/1061 1098/1098/1098 1095/1095/1095
f 1117/1117/1117 1069/1069/1069 1066/1066/1066
f 1117/1117/1117 1066/1066/1066 1111/1111/1111
f 1060/1060/1060 1059/1059/1059 1055/1055/1055
f 1060/1060/1060 1055/1055/1055 1056/1056/1056
f 1073/1073/1073 1087/1087/1087 1084/1084/1084
f 1073/1073/1073 1084/1084/1084 1089/1089/1089
f 1088/1088/1088 1074/1074/1074 1082/1082/1082
f 1088/1088/1088 1082/1082/1082 1080/1080/1080
f 1083/1083/1083 1086/1086/1086 1078/1078/1078
f 1083/1083/1083 1078/1078/1078 1075/1075/1075
f 1076/1076/1076 1079/1079/1079 1081/1081/1081
f 1076/1076/1076 1081/1081/1081 1091/1091/1091
f 1085/1085/1085 1077/1077/1077 1092/1092/1092
f 1085/1085/1085 1092/1092/1092 1090/1090/1090
f 1096/1096/1096 1099/1099/1099 1057/1057/1057
f 1096/1096/1096 1057/1057/1057 1093/1093/1093
f 1100/1100/1100 1105/1105/1105 1102/1102/1102
f 1100/1100/1100 1102/1102/1102 1058/1058/1058
f 1094/1094/1094 1107/1107/1107 1063/1063/1063
f 1094/1094/1094 1063/1063/1063 1097/1097/1097
f 1104/1104/1104 1062/1062/1062 1106/1106/1106
f 1104/1104/1104 1106/1106/1106 1101/1101/1101
f 1070/1070/1070 1110/1110/1110 1072/1072/1072
f 1070/1070/1070 1072/1072/1072 1067/1067/1067
f 1109/1109/1109 1114/1114/1114 1064/1064/1064
f 1109/1109/1109 1064/1064/1064 1071/1071/1071
f 1118/1118/1118 1112/1112/1112 1065/1065/1065
f 1118/1118/1118 1065/1065/1065 1115/1115/1115
f 1116/1116/1116 1113/1113/1113 1108/1108/1108
f 1116/1116/1116 1108/1108/1108 1068/1068/1068
