mtllib 5floor.mtl
o C-Mesh022
usemtl Standard2
v -38.27192783355713 17.6492862701416 60.07088851928711
v -38.27192783355713 17.6492862701416 60.07088851928711
v -38.26874542236328 15.245802879333496 60.0745792388916
v -38.26874542236328 15.245802879333496 60.0745792388916
v -38.26874542236328 15.245802879333496 60.0745792388916
v -33.50315189361572 15.246566772460938 60.07176971435547
v -33.50315189361572 15.246566772460938 60.07176971435547
v -33.50315189361572 15.246566772460938 60.07176971435547
v -38.26834297180176 17.646455764770508 61.47363996505737
v -33.500741958618164 17.65005111694336 60.06807518005371
v -33.500741958618164 17.65005111694336 60.06807518005371
v -33.50267219543457 17.647218704223633 61.47082996368408
v -33.50267219543457 17.647218704223633 61.47082996368408
v -33.4993314743042 15.144420623779297 61.474958419799805
v -33.4993314743042 15.144420623779297 61.474958419799805
v -33.4993314743042 15.144420623779297 61.474958419799805
v -33.4993314743042 15.144420623779297 61.474958419799805
v -38.27089881896973 15.143659591674805 61.477779388427734
v -38.27089881896973 15.143659591674805 61.477779388427734
v -38.27089881896973 15.143659591674805 61.477779388427734
v -24.93904733657837 16.870798110961914 57.16688585281372
v -22.6355619430542 16.871166229248047 57.16393756866455
v -12.578445434570312 17.650564193725586 61.45848560333252
v -12.578445434570312 17.650564193725586 61.45848560333252
v -12.582035064697266 17.653396606445312 60.055734634399414
v -12.582035064697266 17.653396606445312 60.055734634399414
v -7.808088302612305 17.654159545898438 60.052918434143066
v -7.808088302612305 17.654159545898438 60.052918434143066
v -12.578851699829102 15.24991226196289 60.05942440032959
v -12.578851699829102 15.24991226196289 60.05942440032959
v -12.578851699829102 15.24991226196289 60.05942440032959
v -12.580982208251953 15.147767066955566 61.462618350982666
v -12.580982208251953 15.147767066955566 61.462618350982666
v -12.580982208251953 15.147767066955566 61.462618350982666
v -12.580982208251953 15.147767066955566 61.462618350982666
v -15.951038360595703 15.237022399902344 61.46461296081543
v -15.951038360595703 15.237022399902344 61.46461296081543
v -15.951038360595703 15.237022399902344 61.46461296081543
v -15.951038360595703 15.237022399902344 61.46461296081543
v -18.97305965423584 15.236581802368164 61.46638011932373
v -18.97305965423584 15.236581802368164 61.46638011932373
v -18.97305965423584 15.236581802368164 61.46638011932373
v -27.220900535583496 15.241244316101074 61.46556854248047
v -27.220900535583496 15.241244316101074 61.46556854248047
v -27.220900535583496 15.241244316101074 61.46556854248047
v -30.24302101135254 15.234769821166992 61.4730281829834
v -30.24302101135254 15.234769821166992 61.4730281829834
v -30.24302101135254 15.234769821166992 61.4730281829834
v -30.23440647125244 14.936941146850586 61.46866416931152
v -30.23440647125244 14.936941146850586 61.46866416931152
v -30.23440647125244 14.936941146850586 61.46866416931152
v -30.248942375183105 13.174263000488281 61.46755409240723
v -30.248942375183105 13.174263000488281 61.46755409240723
v -30.248942375183105 13.174263000488281 61.46755409240723
v -30.242265224456787 9.151740074157715 61.47483968734741
v -30.242265224456787 9.151740074157715 61.47483968734741
v -30.242265224456787 9.151740074157715 61.47483968734741
v -30.241965293884277 7.277347564697266 61.47542762756348
v -30.241965293884277 7.277347564697266 61.47542762756348
v -30.241965293884277 7.277347564697266 61.47542762756348
v -33.571125984191895 0.000980377197265625 61.47766304016113
v -33.571125984191895 0.000980377197265625 61.47766304016113
v -38.27100372314453 0.0002288818359375 61.48042583465576
v -30.240886688232422 0.5421657562255859 61.47753286361694
v -30.240886688232422 0.5421657562255859 61.47753286361694
v -30.240886688232422 0.5421657562255859 61.47753286361694
v -30.2441349029541 7.280418872833252 62.47215270996094
v -30.2441349029541 7.280418872833252 62.47215270996094
v -30.2441349029541 7.280418872833252 62.47215270996094
v -30.2441349029541 7.280418872833252 62.47215270996094
v -30.24305534362793 0.5397205352783203 62.47425937652588
v -30.24305534362793 0.5397205352783203 62.47425937652588
v -30.24305534362793 0.5397205352783203 62.47425937652588
v -27.234867572784424 0.5426473617553711 61.4757604598999
v -27.234867572784424 0.5426473617553711 61.4757604598999
v -27.234867572784424 0.5426473617553711 61.4757604598999
v -27.231520652770996 0.5402021408081055 62.4724817276001
v -27.231520652770996 0.5402021408081055 62.4724817276001
v -27.231520652770996 0.5402021408081055 62.4724817276001
v -27.23259973526001 7.2808990478515625 62.47037601470947
v -27.23259973526001 7.2808990478515625 62.47037601470947
v -27.23259973526001 7.2808990478515625 62.47037601470947
v -27.23259973526001 7.2808990478515625 62.47037601470947
v -27.23594379425049 7.277828216552734 61.473655700683594
v -27.23594379425049 7.277828216552734 61.473655700683594
v -27.23594379425049 7.277828216552734 61.473655700683594
v -18.971095085144043 7.280083656311035 61.46601629257202
v -18.971095085144043 7.280083656311035 61.46601629257202
v -18.971095085144043 7.280083656311035 61.46601629257202
v -18.972307205200195 9.144867897033691 61.468191623687744
v -18.972307205200195 9.144867897033691 61.468191623687744
v -18.972307205200195 9.144867897033691 61.468191623687744
v -27.23624610900879 9.152220726013184 61.47306728363037
v -27.23624610900879 9.152220726013184 61.47306728363037
v -27.23624610900879 9.152220726013184 61.47306728363037
v -27.29114866256714 7.280580997467041 61.478302001953125
v -27.29114866256714 7.280580997467041 61.478302001953125
v -27.29114866256714 7.280580997467041 61.478302001953125
v -30.185155868530273 7.277354717254639 61.4753942489624
v -30.185155868530273 7.277354717254639 61.4753942489624
v -30.185155868530273 7.277354717254639 61.4753942489624
v -30.18538188934326 7.283681392669678 62.41333198547363
v -30.18538188934326 7.283681392669678 62.41333198547363
v -30.18538188934326 7.283681392669678 62.41333198547363
v -30.18538188934326 7.283681392669678 62.41333198547363
v -27.29142475128174 7.284141540527344 62.41161823272705
v -27.29142475128174 7.284141540527344 62.41161823272705
v -27.29142475128174 7.284141540527344 62.41161823272705
v -27.29142475128174 7.284141540527344 62.41161823272705
v -27.294063568115234 6.548060417175293 62.40909194946289
v -27.294063568115234 6.548060417175293 62.40909194946289
v -27.294063568115234 6.548060417175293 62.40909194946289
v -27.29384183883667 6.547766208648682 61.47064399719238
v -27.29384183883667 6.547766208648682 61.47064399719238
v -27.29384183883667 6.547766208648682 61.47064399719238
v -30.182504653930664 6.547598361968994 62.41080188751221
v -30.182504653930664 6.547598361968994 62.41080188751221
v -30.182504653930664 6.547598361968994 62.41080188751221
v -30.182284832000732 6.547304630279541 61.47235107421875
v -30.182284832000732 6.547304630279541 61.47235107421875
v -30.182284832000732 6.547304630279541 61.47235107421875
v -27.23289918899536 9.149775505065918 62.46978950500488
v -27.23289918899536 9.149775505065918 62.46978950500488
v -27.23289918899536 9.149775505065918 62.46978950500488
v -27.236889839172363 13.174747467041016 61.471808433532715
v -27.236889839172363 13.174747467041016 61.471808433532715
v -27.236889839172363 13.174747467041016 61.471808433532715
v -27.23354434967041 13.177817344665527 62.468528747558594
v -27.23354434967041 13.177817344665527 62.468528747558594
v -27.23354434967041 13.177817344665527 62.468528747558594
v -27.23354434967041 13.177817344665527 62.468528747558594
v -27.290185928344727 13.17749309539795 61.47277069091797
v -27.290185928344727 13.17749309539795 61.47277069091797
v -27.290185928344727 13.17749309539795 61.47277069091797
v -27.23758888244629 14.939948081970215 61.47021675109863
v -27.23758888244629 14.939948081970215 61.47021675109863
v -27.23758888244629 14.939948081970215 61.47021675109863
v -30.186614990234375 13.174274444580078 61.47354698181152
v -30.186614990234375 13.174274444580078 61.47354698181152
v -30.186614990234375 13.174274444580078 61.47354698181152
v -30.24536418914795 14.937236785888672 62.468647956848145
v -30.24536418914795 14.937236785888672 62.468647956848145
v -30.24536418914795 14.937236785888672 62.468647956848145
v -27.233824729919434 14.937718391418457 62.46687030792236
v -27.233824729919434 14.937718391418457 62.46687030792236
v -27.233824729919434 14.937718391418457 62.46687030792236
v -27.233867645263672 15.148252487182617 62.46819877624512
v -27.233867645263672 15.148252487182617 62.46819877624512
v -27.233867645263672 15.148252487182617 62.46819877624512
v -30.24544048309326 15.147764205932617 62.469929695129395
v -30.24544048309326 15.147764205932617 62.469929695129395
v -30.24544048309326 15.147764205932617 62.469929695129395
v -18.973237991333008 14.941499710083008 61.466379165649414
v -18.973237991333008 14.941499710083008 61.466379165649414
v -18.973237991333008 14.941499710083008 61.466379165649414
v -18.97295570373535 13.176068305969238 61.46693181991577
v -18.97295570373535 13.176068305969238 61.46693181991577
v -18.97295570373535 13.176068305969238 61.46693181991577
v -18.97910213470459 12.092329978942871 61.459927558898926
v -18.97910213470459 12.092329978942871 61.459927558898926
v -18.97910213470459 12.092329978942871 61.459927558898926
v -18.963480949401855 10.176886558532715 61.464128494262695
v -18.963480949401855 10.176886558532715 61.464128494262695
v -18.963480949401855 10.176886558532715 61.464128494262695
v -18.974644660949707 10.176969528198242 62.4645938873291
v -18.974644660949707 10.176969528198242 62.4645938873291
v -18.974644660949707 10.176969528198242 62.4645938873291
v -18.974644660949707 10.176969528198242 62.4645938873291
v -18.974477767944336 9.14242935180664 62.46491718292236
v -18.974477767944336 9.14242935180664 62.46491718292236
v -18.974477767944336 9.14242935180664 62.46491718292236
v -15.954164505004883 9.145377159118652 61.46642303466797
v -15.954164505004883 9.145377159118652 61.46642303466797
v -15.954164505004883 9.145377159118652 61.46642303466797
v -15.962981224060059 9.142904281616211 62.463172912597656
v -15.962981224060059 9.142904281616211 62.463172912597656
v -15.962981224060059 9.142904281616211 62.463172912597656
v -15.963154792785645 10.177459716796875 62.46285533905029
v -15.963154792785645 10.177459716796875 62.46285533905029
v -15.963154792785645 10.177459716796875 62.46285533905029
v -15.963154792785645 10.177459716796875 62.46285533905029
v -15.952093124389648 10.17434024810791 61.46610641479492
v -15.952093124389648 10.17434024810791 61.46610641479492
v -15.952093124389648 10.17434024810791 61.46610641479492
v -15.95300579071045 12.092998504638672 61.46549892425537
v -15.95300579071045 12.092998504638672 61.46549892425537
v -15.95300579071045 12.092998504638672 61.46549892425537
v -15.950519561767578 13.179295539855957 61.45644760131836
v -15.950519561767578 13.179295539855957 61.45644760131836
v -15.950519561767578 13.179295539855957 61.45644760131836
v -15.950519561767578 13.179295539855957 61.45644760131836
v -15.950519561767578 13.179295539855957 61.45644760131836
v -15.951083183288574 14.942021369934082 61.46460723876953
v -15.951083183288574 14.942021369934082 61.46460723876953
v -15.951083183288574 14.942021369934082 61.46460723876953
v -15.951083183288574 14.942021369934082 61.46460723876953
v -15.963911056518555 15.150069236755371 62.46153450012207
v -15.963911056518555 15.150069236755371 62.46153450012207
v -15.963911056518555 15.150069236755371 62.46153450012207
v -18.975489616394043 15.149580955505371 62.46326541900635
v -18.975489616394043 15.149580955505371 62.46326541900635
v -18.975489616394043 15.149580955505371 62.46326541900635
v -18.975407600402832 14.939054489135742 62.46310329437256
v -18.975407600402832 14.939054489135742 62.46310329437256
v -18.975407600402832 14.939054489135742 62.46310329437256
v -15.963923454284668 14.93952751159668 62.461368560791016
v -15.963923454284668 14.93952751159668 62.461368560791016
v -15.963923454284668 14.93952751159668 62.461368560791016
v -18.91367244720459 13.176069259643555 61.46689987182617
v -18.91367244720459 13.176069259643555 61.46689987182617
v -18.91367244720459 13.176069259643555 61.46689987182617
v -18.916373252868652 13.182405471801758 62.40484142303467
v -18.916373252868652 13.182405471801758 62.40484142303467
v -18.916373252868652 13.182405471801758 62.40484142303467
v -18.916373252868652 13.182405471801758 62.40484142303467
v -18.97512435913086 13.179139137268066 62.463653564453125
v -18.97512435913086 13.179139137268066 62.463653564453125
v -18.97512435913086 13.179139137268066 62.463653564453125
v -18.97512435913086 13.179139137268066 62.463653564453125
v -18.974950790405273 12.090041160583496 62.4639949798584
v -18.974950790405273 12.090041160583496 62.4639949798584
v -18.974950790405273 12.090041160583496 62.4639949798584
v -15.963459968566895 12.09051513671875 62.46225452423096
v -15.963459968566895 12.09051513671875 62.46225452423096
v -15.963459968566895 12.09051513671875 62.46225452423096
v -15.963640213012695 13.179630279541016 62.4619197845459
v -15.963640213012695 13.179630279541016 62.4619197845459
v -15.963640213012695 13.179630279541016 62.4619197845459
v -15.963640213012695 13.179630279541016 62.4619197845459
v -16.011459350585938 13.179300308227539 61.45640420913696
v -16.011459350585938 13.179300308227539 61.45640420913696
v -16.011459350585938 13.179300308227539 61.45640420913696
v -18.91079807281494 12.385330200195312 61.463881492614746
v -18.91079807281494 12.385330200195312 61.463881492614746
v -18.91079807281494 12.385330200195312 61.463881492614746
v -18.913476943969727 12.385621070861816 62.402329444885254
v -18.913476943969727 12.385621070861816 62.402329444885254
v -18.913476943969727 12.385621070861816 62.402329444885254
v -16.024195671081543 12.386094093322754 62.40056800842285
v -16.024195671081543 12.386094093322754 62.40056800842285
v -16.024195671081543 12.386094093322754 62.40056800842285
v -16.021626472473145 13.182845115661621 62.40306854248047
v -16.021626472473145 13.182845115661621 62.40306854248047
v -16.021626472473145 13.182845115661621 62.40306854248047
v -16.021626472473145 13.182845115661621 62.40306854248047
v -16.007261276245117 12.38577651977539 61.46210813522339
v -16.007261276245117 12.38577651977539 61.46210813522339
v -16.007261276245117 12.38577651977539 61.46210813522339
v -18.914788246154785 10.173904418945312 61.467838287353516
v -18.914788246154785 10.173904418945312 61.467838287353516
v -18.914788246154785 10.173904418945312 61.467838287353516
v -18.9158935546875 10.1802339553833 62.405776023864746
v -18.9158935546875 10.1802339553833 62.405776023864746
v -18.9158935546875 10.1802339553833 62.405776023864746
v -18.9158935546875 10.1802339553833 62.405776023864746
v -16.021223068237305 10.180679321289062 62.40401649475098
v -16.021223068237305 10.180679321289062 62.40401649475098
v -16.021223068237305 10.180679321289062 62.40401649475098
v -16.021223068237305 10.180679321289062 62.40401649475098
v -16.023810386657715 9.42589282989502 62.40150165557861
v -16.023810386657715 9.42589282989502 62.40150165557861
v -16.023810386657715 9.42589282989502 62.40150165557861
v -16.009872436523438 9.425580024719238 61.46304416656494
v -16.009872436523438 9.425580024719238 61.46304416656494
v -16.009872436523438 9.425580024719238 61.46304416656494
v -18.913007736206055 9.425421714782715 62.40325164794922
v -18.913007736206055 9.425421714782715 62.40325164794922
v -18.913007736206055 9.425421714782715 62.40325164794922
v -18.911914825439453 9.425129890441895 61.46480369567871
v -18.911914825439453 9.425129890441895 61.46480369567871
v -18.911914825439453 9.425129890441895 61.46480369567871
v -16.013757705688477 10.17713451385498 61.46841621398926
v -16.013757705688477 10.17713451385498 61.46841621398926
v -16.013757705688477 10.17713451385498 61.46841621398926
v -12.58148193359375 0.004337310791015625 61.46531963348389
v -12.58148193359375 0.004337310791015625 61.46531963348389
v -15.950148582458496 7.289192199707031 61.46330499649048
v -15.950148582458496 7.289192199707031 61.46330499649048
v -15.950148582458496 7.289192199707031 61.46330499649048
v -16.003933906555176 7.286564826965332 61.462873458862305
v -16.003933906555176 7.286564826965332 61.462873458862305
v -16.003933906555176 7.286564826965332 61.462873458862305
v -18.91266918182373 7.280138969421387 61.46598720550537
v -18.91266918182373 7.280138969421387 61.46598720550537
v -18.91266918182373 7.280138969421387 61.46598720550537
v -18.91452407836914 7.28654146194458 62.40393257141113
v -18.91452407836914 7.28654146194458 62.40393257141113
v -18.91452407836914 7.28654146194458 62.40393257141113
v -18.91452407836914 7.28654146194458 62.40393257141113
v -18.973265647888184 7.2831573486328125 62.46273899078369
v -18.973265647888184 7.2831573486328125 62.46273899078369
v -18.973265647888184 7.2831573486328125 62.46273899078369
v -18.973265647888184 7.2831573486328125 62.46273899078369
v -18.970934867858887 0.543971061706543 61.47088384628296
v -18.970934867858887 0.543971061706543 61.47088384628296
v -18.970934867858887 0.543971061706543 61.47088384628296
v -18.976699829101562 0.0033140182495117188 61.469056129455566
v -18.976699829101562 0.0033140182495117188 61.469056129455566
v -15.961567878723145 0.5420055389404297 62.465834617614746
v -15.961567878723145 0.5420055389404297 62.465834617614746
v -15.961567878723145 0.5420055389404297 62.465834617614746
v -15.961567878723145 0.5420055389404297 62.465834617614746
v -18.986069679260254 0.0036325454711914062 62.49002933502197
v -18.986069679260254 0.0036325454711914062 62.49002933502197
v -15.956877708435059 0.004111289978027344 62.46945381164551
v -15.956877708435059 0.004111289978027344 62.46945381164551
v -18.973100662231445 0.5415248870849609 62.467613220214844
v -18.973100662231445 0.5415248870849609 62.467613220214844
v -18.973100662231445 0.5415248870849609 62.467613220214844
v -18.973100662231445 0.5415248870849609 62.467613220214844
v -15.96176815032959 7.283644676208496 62.460999488830566
v -15.96176815032959 7.283644676208496 62.460999488830566
v -15.96176815032959 7.283644676208496 62.460999488830566
v -15.96176815032959 7.283644676208496 62.460999488830566
v -16.01994228363037 7.286927223205566 62.40218257904053
v -16.01994228363037 7.286927223205566 62.40218257904053
v -16.01994228363037 7.286927223205566 62.40218257904053
v -16.01994228363037 7.286927223205566 62.40218257904053
v -16.009047508239746 6.546422958374023 61.45999717712402
v -16.009047508239746 6.546422958374023 61.45999717712402
v -16.009047508239746 6.546422958374023 61.45999717712402
v -16.02212142944336 6.543567657470703 62.398457527160645
v -16.02212142944336 6.543567657470703 62.398457527160645
v -16.02212142944336 6.543567657470703 62.398457527160645
v -18.911227226257324 6.543140411376953 62.40019607543945
v -18.911227226257324 6.543140411376953 62.40019607543945
v -18.911227226257324 6.543140411376953 62.40019607543945
v -18.90940570831299 6.5427937507629395 61.46174716949463
v -18.90940570831299 6.5427937507629395 61.46174716949463
v -18.90940570831299 6.5427937507629395 61.46174716949463
v -15.964913368225098 0.5444440841674805 61.469109535217285
v -15.964913368225098 0.5444440841674805 61.469109535217285
v -15.964913368225098 0.5444440841674805 61.469109535217285
v -15.959741592407227 0.0037965774536132812 61.46729373931885
v -15.959741592407227 0.0037965774536132812 61.46729373931885
v -24.937913417816162 18.75262451171875 57.164146423339844
v -22.637298583984375 18.753002166748047 57.16118669509888
v -7.810014724731445 17.65132713317871 61.45567321777344
v -7.810014724731445 17.65132713317871 61.45567321777344
v -7.810497283935547 15.250676155090332 60.05661201477051
v -7.810497283935547 15.250676155090332 60.05661201477051
v -7.810497283935547 15.250676155090332 60.05661201477051
v -7.806671142578125 15.148530960083008 61.45980262756348
v -7.806671142578125 15.148530960083008 61.45980262756348
v -7.806671142578125 15.148530960083008 61.45980262756348
v -7.806671142578125 15.148530960083008 61.45980262756348
v -7.7963714599609375 0.005103111267089844 61.462708473205566
v -7.7963714599609375 0.005103111267089844 61.462708473205566
v -30.186326026916504 13.180598258972168 62.41148281097412
v -30.186326026916504 13.180598258972168 62.41148281097412
v -30.186326026916504 13.180598258972168 62.41148281097412
v -30.186326026916504 13.180598258972168 62.41148281097412
v -30.245079040527344 13.177335739135742 62.470306396484375
v -30.245079040527344 13.177335739135742 62.470306396484375
v -30.245079040527344 13.177335739135742 62.470306396484375
v -30.245079040527344 13.177335739135742 62.470306396484375
v -30.244434356689453 9.149293899536133 62.47156620025635
v -30.244434356689453 9.149293899536133 62.47156620025635
v -30.244434356689453 9.149293899536133 62.47156620025635
v -27.292367935180664 13.181061744689941 62.40977478027344
v -27.292367935180664 13.181061744689941 62.40977478027344
v -27.292367935180664 13.181061744689941 62.40977478027344
v -27.292367935180664 13.181061744689941 62.40977478027344
v -27.295292854309082 12.38398265838623 61.4688196182251
v -27.295292854309082 12.38398265838623 61.4688196182251
v -27.295292854309082 12.38398265838623 61.4688196182251
v -27.295000076293945 12.38428020477295 62.407267570495605
v -27.295000076293945 12.38428020477295 62.407267570495605
v -27.295000076293945 12.38428020477295 62.407267570495605
v -30.183440685272217 12.383820533752441 62.40897464752197
v -30.183440685272217 12.383820533752441 62.40897464752197
v -30.183440685272217 12.383820533752441 62.40897464752197
v -30.183732986450195 12.383522987365723 61.470524311065674
v -30.183732986450195 12.383522987365723 61.470524311065674
v -30.183732986450195 12.383522987365723 61.470524311065674
vt 0.3396168351173401 0.911719024181366
vt 0.04940246790647507 0.996798574924469
vt 0.339264452457428 0.9951954483985901
vt 0.04937153309583664 0.9171172976493835
vt 0.6647880673408508 0.6901801824569702
vt 0.17310357093811035 0.9944942593574524
vt 0.831425666809082 0.6906093955039978
vt 0.0532294362783432 0.9167766571044922
vt 0.0029210285283625126 0.9968165755271912
vt 0.17345565557479858 0.9110179543495178
vt 0.05319884046912193 0.9964982867240906
vt 0.009450063109397888 0.6143863201141357
vt 0.09970320016145706 0.9965159893035889
vt 0.009550973773002625 0.5284762382507324
vt 0.5406236052513123 0.6239870190620422
vt 0.8315728902816772 0.6388015151023865
vt 0.09973511099815369 0.9134727716445923
vt 0.0028889565728604794 0.913814902305603
vt 0.6649360060691833 0.6383717060089111
vt 0.540606677532196 0.7933764457702637
vt 0.841438353061676 0.6236442923545837
vt 0.9260960817337036 0.6232394576072693
vt 0.7282248139381409 0.614461362361908
vt 0.0030431700870394707 0.9968663454055786
vt 0.3394758403301239 0.9114673137664795
vt 0.04952424019575119 0.9968482851982117
vt 0.17321735620498657 0.911468505859375
vt 0.052745889872312546 0.9965822100639343
vt 0.33947643637657166 0.9949447512626648
vt 0.04949357733130455 0.9171671867370605
vt 0.66514652967453 0.6904784440994263
vt 0.7281237244606018 0.528551459312439
vt 0.7347941994667053 0.6129240989685059
vt 0.0030111894011497498 0.9138647317886353
vt 0.6651411056518555 0.6383975148200989
vt 0.6123585104942322 0.5316212773323059
vt 0.3463526964187622 0.8111547827720642
vt -421.4488220214844 603.5555419921875
vt 0.13597777485847473 0.8989855647087097
vt 0.5085480809211731 0.5316118597984314
vt 0.13535018265247345 0.9967914819717407
vt 0.5458582043647766 0.8112366795539856
vt 0.22522349655628204 0.5317954421043396
vt 0.3463526964187622 0.8111547827720642
vt 0.1691284328699112 0.8994010090827942
vt 0.12141002714633942 0.5315710306167603
vt 0.1685008406639099 0.9972068667411804
vt 0.5458582043647766 0.8112366795539856
vt 0.5573260188102722 0.6230371594429016
vt 0.12170399725437164 0.5213548541069031
vt 0.5458019375801086 0.7983479499816895
vt 0.20731085538864136 0.9022282958030701
vt 0.12119463086128235 0.4608553647994995
vt 0.34359854459762573 0.9884311556816101
vt 0.6516438126564026 0.6936163306236267
vt 0.1214018166065216 0.32277894020080566
vt 0.34359878301620483 0.8195049166679382
vt 0.12140162289142609 0.258442759513855
vt 0.20731085538864136 0.9022282958030701
vt 0.5601921081542969 0.9866745471954346
vt 0.00699937529861927 0.004099130630493164
vt -0.0012749254237860441 0.6266258955001831
vt -0.001355847343802452 0.7934702634811401
vt 0.008659944869577885 0.8761157989501953
vt 0.12140078842639923 0.02726602554321289
vt 0.5601921081542969 0.7046743631362915
vt 0.6020995378494263 0.9866745471954346
vt 0.18975254893302917 0.9019754528999329
vt 0.25733548402786255 0.9022282958030701
vt 0.6020995378494263 0.9866745471954346
vt 0.07097574323415756 0.8761230707168579
vt 0.6020991802215576 0.7046743631362915
vt 0.6020991802215576 0.7046743631362915
vt 0.008662261068820953 0.855343759059906
vt 0.2246614545583725 0.02727687358856201
vt 0.7697275876998901 0.7046738862991333
vt 0.07097805291414261 0.8553506731987
vt 0.727820634841919 0.7046738862991333
vt 0.727820634841919 0.7046738862991333
vt 0.727820634841919 0.9866740703582764
vt 0.21856829524040222 0.9017310738563538
vt 0.30963951349258423 0.9019590616226196
vt 0.727820634841919 0.9866740703582764
vt 0.22466234862804413 0.2584536075592041
vt 0.2787426710128784 0.9020645022392273
vt 0.769727349281311 0.9866739511489868
vt 0.5085704922676086 0.25851893424987793
vt 0.20731085538864136 0.9022282958030701
vt 0.7764979004859924 0.9904880523681641
vt 0.557148814201355 0.6223965287208557
vt 0.508539617061615 0.3225215673446655
vt 0.00254560774192214 0.8021106719970703
vt 0.5561178922653198 0.6935775279998779
vt 0.22466252744197845 0.32278966903686523
vt 0.5538875460624695 0.8195052742958069
vt 0.22276632487773895 0.25854164361953735
vt 0.2786785066127777 0.9050355553627014
vt 0.23138558864593506 0.836542010307312
vt 0.12335304915904999 0.2584429383277893
vt 0.27713194489479065 0.836542010307312
vt 0.20731085538864136 0.9049055576324463
vt 0.23138558864593506 0.836542010307312
vt 0.2920001149177551 0.893827497959137
vt 0.19175079464912415 0.9052758812904358
vt 0.2548341751098633 0.9048652052879333
vt 0.22151267528533936 0.9047559499740601
vt 0.30766990780830383 0.9052603840827942
vt 0.17221322655677795 0.893827497959137
vt 0.27713194489479065 0.836542010307312
vt 0.9398651719093323 0.4612799882888794
vt 0.17221322655677795 0.8517882823944092
vt 0.2771322727203369 0.7983309030532837
vt 0.22266913950443268 0.23339974880218506
vt 0.9888550639152527 0.46123218536376953
vt 0.23138558864593506 0.7983309030532837
vt 0.23138558864593506 0.7983309030532837
vt 0.9398894309997559 0.6108256578445435
vt 0.2920001149177551 0.8517882823944092
vt 0.12344731390476227 0.23338937759399414
vt 0.2771322727203369 0.7983309030532837
vt 0.9888792037963867 0.6107777953147888
vt 0.5560424327850342 0.66139817237854
vt 0.5118300318717957 0.8195052742958069
vt 0.5118300318717957 0.8195052742958069
vt 0.22466303408145905 0.4608580470085144
vt 0.2787426710128784 0.9020645022392273
vt 0.5538875460624695 0.9884313941001892
vt 0.5118299126625061 0.9884315133094788
vt 0.21856829524040222 0.9017310738563538
vt 0.30963951349258423 0.9019590616226196
vt 0.5118299126625061 0.9884315133094788
vt 0.2228323072195053 0.46095097064971924
vt 0.2786785066127777 0.9050355553627014
vt 0.23138558864593506 0.836542010307312
vt 0.6516532301902771 0.6230816841125488
vt 0.2246488779783249 0.5214476585388184
vt 0.3463035821914673 0.7987130880355835
vt 0.27713194489479065 0.836542010307312
vt 0.20731085538864136 0.9049055576324463
vt 0.12333612143993378 0.46084731817245483
vt 0.5059009194374084 0.7983466386795044
vt 0.5573111176490784 0.6543116569519043
vt 0.5059009194374084 0.7983466386795044
vt 0.3862009048461914 0.7988415956497192
vt 0.6511335968971252 0.6543561816215515
vt 0.3862009048461914 0.7988415956497192
vt 0.3862046003341675 0.8095623254776001
vt 0.3862046003341675 0.8095623254776001
vt 0.13782210648059845 0.8997178077697754
vt 0.5059431195259094 0.8090673685073853
vt 0.13719752430915833 0.996989369392395
vt 0.5059431195259094 0.8090673685073853
vt 0.5556541085243225 0.6618417501449585
vt 0.5085402727127075 0.5214837193489075
vt 0.5458019375801086 0.7983479499816895
vt 0.508540153503418 0.46088743209838867
vt 0.20731085538864136 0.9022282958030701
vt 0.0051416754722595215 0.8446877598762512
vt 0.5573689341545105 0.6223427653312683
vt 0.5083223581314087 0.4236997365951538
vt 0.0054702311754226685 0.7972216010093689
vt 0.20731085538864136 0.9049055576324463
vt 0.5088483095169067 0.35794949531555176
vt 0.00254560774192214 0.8467404246330261
vt 0.7777099609375 0.2969123125076294
vt 0.18975254893302917 0.9019754528999329
vt 0.20731085538864136 0.9022282958030701
vt 0.047909703105688095 0.8467404246330261
vt 0.5570520162582397 0.6539143919944763
vt 0.7773433327674866 0.2541919946670532
vt 0.047909703105688095 0.802111029624939
vt 0.6510853171348572 0.6224337220191956
vt 0.6122168302536011 0.3225332498550415
vt 0.22937026619911194 0.802111029624939
vt 0.6507807374000549 0.6539515852928162
vt 0.9064844250679016 0.2541919946670532
vt 0.17705084383487701 0.802111029624939
vt 0.9063368439674377 0.2969125509262085
vt 0.21856829524040222 0.9017310738563538
vt 0.30963951349258423 0.9019590616226196
vt 0.17705084383487701 0.8467406630516052
vt 0.6122937798500061 0.35785120725631714
vt 0.2787426710128784 0.9020645022392273
vt 0.22937151789665222 0.8467406630516052
vt 0.6122732162475586 0.42370665073394775
vt 0.6513805985450745 0.6224563717842102
vt 0.2257223278284073 0.7987454533576965
vt 0.6123640537261963 0.4610046148300171
vt 0.6123640537261963 0.4610046148300171
vt 0.2787426710128784 0.9020645022392273
vt -421.1029968261719 522.5426635742188
vt 0.2253955900669098 0.8462119102478027
vt 0.6518190503120422 0.6618871688842773
vt 0.6123552918434143 0.5214959979057312
vt 0.3463035821914673 0.7987130880355835
vt -421.4453430175781 591.9413452148438
vt 0.3862046003341675 0.8095623254776001
vt 0.3862046003341675 0.8095623254776001
vt 0.1046714335680008 0.8993023633956909
vt 0.5059431195259094 0.8090673685073853
vt 0.10404685884714127 0.9965739250183105
vt 0.5059431195259094 0.8090673685073853
vt 0.5556390881538391 0.6937254071235657
vt 0.5059009194374084 0.7983466386795044
vt 0.5059009194374084 0.7983466386795044
vt 0.6512893438339233 0.6937708854675293
vt 0.3862009048461914 0.7988415956497192
vt 0.3862009048461914 0.7988415956497192
vt 0.5105764865875244 0.4608873128890991
vt 0.27713194489479065 0.836542010307312
vt 0.20731085538864136 0.9049055576324463
vt 0.23138558864593506 0.836542010307312
vt 0.2920001149177551 0.893827497959137
vt 0.19175079464912415 0.9052758812904358
vt 0.2548341751098633 0.9048652052879333
vt 0.04919108748435974 0.8449923992156982
vt 0.18975254893302917 0.9019754528999329
vt 0.25733548402786255 0.9022282958030701
vt 0.04919108748435974 0.8449923992156982
vt 0.5575130581855774 0.6539920568466187
vt 0.04951965808868408 0.7975262999534607
vt 0.04951965808868408 0.7975262999534607
vt 0.651056170463562 0.6539528369903564
vt 0.18166857957839966 0.7984412908554077
vt 0.18166857957839966 0.7984412908554077
vt 0.18134018778800964 0.8459072113037109
vt 0.21856829524040222 0.9017310738563538
vt 0.30963951349258423 0.9019590616226196
vt 0.18134018778800964 0.8459072113037109
vt 0.6102707386016846 0.4610050320625305
vt 0.2786785066127777 0.9050355553627014
vt 0.23138558864593506 0.836542010307312
vt 0.5106706619262695 0.43375086784362793
vt 0.2771322727203369 0.7983309030532837
vt 0.9470793008804321 0.0016803145408630371
vt 0.23138558864593506 0.7983309030532837
vt 0.9946168065071106 0.0018395781517028809
vt 0.2920001149177551 0.8517882823944092
vt 0.9933258295059204 0.14733242988586426
vt 0.17221322655677795 0.8517882823944092
vt 0.2771322727203369 0.7983309030532837
vt 0.22151267528533936 0.9047559499740601
vt 0.30766990780830383 0.9052603840827942
vt 0.17221322655677795 0.893827497959137
vt 0.27713194489479065 0.836542010307312
vt 0.6104108095169067 0.4337606430053711
vt 0.9460752606391907 0.14755398035049438
vt 0.23138558864593506 0.7983309030532837
vt 0.2548341751098633 0.9048652052879333
vt 0.27713194489479065 0.836542010307312
vt 0.5105213522911072 0.3578418493270874
vt 0.23138558864593506 0.836542010307312
vt 0.2920001149177551 0.893827497959137
vt 0.19175079464912415 0.9052758812904358
vt 0.25733548402786255 0.9022282958030701
vt 0.22151267528533936 0.9047559499740601
vt 0.30766990780830383 0.9052603840827942
vt 0.17221322655677795 0.893827497959137
vt 0.27713194489479065 0.836542010307312
vt 0.9933983683586121 0.2979084849357605
vt 0.17221322655677795 0.8517882823944092
vt 0.2771322727203369 0.7983309030532837
vt 0.9449253678321838 0.2986767292022705
vt 0.6103045344352722 0.332155704498291
vt 0.23138558864593506 0.7983309030532837
vt 0.23138558864593506 0.7983309030532837
vt 0.9933263659477234 0.14990317821502686
vt 0.2920001149177551 0.8517882823944092
vt 0.2771322727203369 0.7983309030532837
vt 0.9448530673980713 0.1500111222267151
vt 0.5106155872344971 0.332145631313324
vt 0.2786785066127777 0.9050355553627014
vt 0.6101757287979126 0.3579440116882324
vt 0.23138558864593506 0.836542010307312
vt 0.7280214428901672 0.00869607925415039
vt 0.7346727848052979 -0.003790616989135742
vt 0.6123440861701965 0.2588271498680115
vt 0.9857415556907654 0.9925060272216797
vt 0.2787426710128784 0.9020645022392273
vt 0.610496461391449 0.2587377429008484
vt 0.2786785066127777 0.9050355553627014
vt 0.23138558864593506 0.836542010307312
vt 0.5105776190757751 0.2585209012031555
vt 0.27713194489479065 0.836542010307312
vt 0.20731085538864136 0.9049055576324463
vt 0.23138558864593506 0.836542010307312
vt 0.2920001149177551 0.893827497959137
vt 0.19256195425987244 0.9051109552383423
vt 0.2548341751098633 0.9048652052879333
vt 0.8183473944664001 0.9908437728881836
vt 0.190658301115036 0.9019667506217957
vt 0.25733548402786255 0.9022282958030701
vt 0.8183473944664001 0.9908437728881836
vt 0.5085383653640747 0.02730661630630493
vt 0.7790066599845886 0.7115124464035034
vt 0.7809157967567444 0.7153307199478149
vt 0.5083370804786682 0.006009697914123535
vt 0.7808359265327454 0.697298526763916
vt 0.9464048743247986 0.7130039930343628
vt 0.9483140110969543 0.7168222665786743
vt 0.9464048743247986 0.7130039930343628
vt 0.9483140110969543 0.7168222665786743
vt 0.8227628469467163 0.6977018117904663
vt 0.8227628469467163 0.6977018117904663
vt 0.9484493732452393 0.6959475874900818
vt 0.9484493732452393 0.6959475874900818
vt 0.8208566308021545 0.7118680477142334
vt 0.8227657675743103 0.7156863212585449
vt 0.8208566308021545 0.7118680477142334
vt 0.8227657675743103 0.7156863212585449
vt 0.9438942074775696 0.9919795989990234
vt 0.21856829524040222 0.9017310738563538
vt 0.30487051606178284 0.9019511342048645
vt 0.9438942074775696 0.9919795989990234
vt 0.22151267528533936 0.9047559499740601
vt 0.30299413204193115 0.905096173286438
vt 0.17221322655677795 0.893827497959137
vt 0.27713194489479065 0.836542010307312
vt 0.6103164553642273 0.23333770036697388
vt 0.9460752606391907 0.14755398035049438
vt 0.23138558864593506 0.7983309030532837
vt 0.17221322655677795 0.8517882823944092
vt 0.9933258295059204 0.14733242988586426
vt 0.2771322727203369 0.7983309030532837
vt 0.23138558864593506 0.7983309030532837
vt 0.2920001149177551 0.8517882823944092
vt 0.9946168065071106 0.0018395781517028809
vt 0.5106852054595947 0.23321861028671265
vt 0.2771322727203369 0.7983309030532837
vt 0.9470793008804321 0.0016803145408630371
vt 0.6117992997169495 0.027317047119140625
vt 0.988254725933075 0.7133941650390625
vt 0.9901638627052307 0.717212438583374
vt 0.6119735836982727 0.006104826927185059
vt 0.990070104598999 0.6956839561462402
vt 0.8415307998657227 0.6873348355293274
vt 0.9262147545814514 0.6869300603866577
vt -789.6234741210938 698.0374755859375
vt 0.09925036132335663 0.9965996742248535
vt 0.17321796715259552 0.9949459433555603
vt 0.8322427868843079 0.6904623508453369
vt 0.052776094526052475 0.9168603420257568
vt 0.9293851256370544 0.6129443645477295
vt -789.7909545898438 599.5018920898438
vt 0.8322374820709229 0.63838130235672
vt 0.0992816612124443 0.9135562181472778
vt 0.9297033548355103 -0.0037707090377807617
vt -789.8511352539062 3.302628517150879
vt 0.23138558864593506 0.836542010307312
vt 0.2919744849205017 0.895348846912384
vt 0.19175079464912415 0.9052758812904358
vt 0.2548341751098633 0.9048652052879333
vt 0.3856561779975891 0.9884316325187683
vt 0.18975254893302917 0.9019754528999329
vt 0.25733548402786255 0.9022282958030701
vt 0.3856561779975891 0.9884316325187683
vt 0.6517441868782043 0.6614364981651306
vt 0.38565629720687866 0.8195049166679382
vt 0.38565629720687866 0.8195049166679382
vt 0.22151267528533936 0.9047559499740601
vt 0.30766990780830383 0.9052603840827942
vt 0.16817285120487213 0.894557774066925
vt 0.27713194489479065 0.836542010307312
vt 0.22265209257602692 0.43372058868408203
vt 0.9424619674682617 0.4532371759414673
vt 0.23138558864593506 0.7983309030532837
vt 0.9913457036018372 0.4532169699668884
vt 0.16855089366436005 0.855854332447052
vt 0.2771322727203369 0.7983309030532837
vt 0.23138558864593506 0.7983309030532837
vt 0.9913256168365479 0.30399489402770996
vt 0.29298585653305054 0.8562499284744263
vt 0.12343038618564606 0.4337102174758911
vt 0.2771322727203369 0.7983309030532837
vt 0.9424417614936829 0.3040146827697754
vn 0.0005999992173740608 0.001499998043435152 0.999998695002553
vn 0.9999998700000133 0.00009999998184280263 -0.0004999999601457159
vn 0.0005999992173740608 0.001499998043435152 0.999998695002553
vn 0.9999998700000133 0.00009999998184280263 -0.0004999999601457159
vn -0.00009999612429483226 0.9973613383470005 0.07259718156688355
vn 0.0005999992173740608 0.001499998043435152 0.999998695002553
vn -0.00009999612429483226 0.9973613383470005 0.07259718156688355
vn -0.9999997350001283 -0.00019999994597557085 0.0006999997818106683
vn 0.9999998700000133 0.00009999998184280263 -0.0004999999601457159
vn 0.0005999992173740608 0.001499998043435152 0.999998695002553
vn -0.9999997350001283 -0.00019999994597557085 0.0006999997818106683
vn 0.0004999998429397752 0.0006999997335495571 0.9999996300001966
vn -0.9999997350001283 -0.00019999994597557085 0.0006999997818106683
vn 0.0004999999015427266 0.0004999999015427266 0.9999997500000672
vn 0.0004999999015427266 0.0004999999015427266 0.9999997500000672
vn -0.00009999612429483226 0.9973613383470005 0.07259718156688355
vn -0.9999997350001283 -0.00019999994597557085 0.0006999997818106683
vn 0.9999998700000133 0.00009999998184280263 -0.0004999999601457159
vn -0.00009999612429483226 0.9973613383470005 0.07259718156688355
vn -0.008799659134629129 0.0001999922543826543 0.9999612622507997
vn 0.0012999974773780613 0.0014999970086871607 0.9999980300058259
vn 0.0012999974773780613 0.0014999970086871607 0.9999980300058259
vn 0.0004999998429397752 0.0006999997335495571 0.9999996300001966
vn 0.9999998700000133 0.00009999998184280263 -0.0004999999601457159
vn 0.0005999992173740608 0.001499998043435152 0.999998695002553
vn 0.9999998700000133 0.00009999998184280263 -0.0004999999601457159
vn 0.0005999992173740608 0.001499998043435152 0.999998695002553
vn -0.9999997350001283 -0.00019999994597557085 0.0006999997818106683
vn 0.0005999992173740608 0.001499998043435152 0.999998695002553
vn 0.9999998700000133 0.00009999998184280263 -0.0004999999601457159
vn -0.00009999612429483226 0.9973613383470005 0.07259718156688355
vn 0.0005999998991343367 0.00039999989395111805 0.9999997400000691
vn 0.0005999998991343367 0.00039999989395111805 0.9999997400000691
vn 0.9999998700000133 0.00009999998184280263 -0.0004999999601457159
vn -0.00009999612429483226 0.9973613383470005 0.07259718156688355
vn 0.0004999998429397752 0.0006999997335495571 0.9999996300001966
vn 0.9999141838840132 -0.00010000141905781401 0.01310018577288236
vn 0.9999141838840132 -0.00010000141905781401 0.01310018577288236
vn -0.00010000168807142665 0.9962169059745153 0.08690147438465001
vn 0.0005999998721343487 0.0004999998740427382 0.9999996950000932
vn -0.00010000168807142665 0.9962169059745153 0.08690147438465001
vn -0.9999973350105865 0.00019999946260161833 -0.0022999938999541413
vn 0.0004999998429397752 0.0006999997335495571 0.9999996300001966
vn 0.9994669631520552 -0.03249892616785708 0.00309989766678272
vn -0.0009999773936688902 0.9959775115682288 0.08959797149250054
vn 0.0004999998429397752 0.0006999997335495571 0.9999996300001966
vn -0.0009999773936688902 0.9959775115682288 0.08959797149250054
vn -0.9998280955670692 -0.017000477682178654 -0.007400207652845701
vn 0.0005999996288807368 -0.9999993200006099 -0.0009999993814678945
vn -0.00009999998184280263 0.0004999999601457159 0.9999998700000133
vn -0.9998280955670692 -0.017000477682178654 -0.007400207652845701
vn -0.029098982279263445 0.9995650108121601 -0.0047998323301648264
vn -0.031600015730367144 0.0005000002931065625 0.9995004697375321
vn -0.9999992750008233 -0.0008999993354866798 0.0007999993899189397
vn 0.00019999936010648943 -0.9999968550148153 -0.0024999921468502636
vn 0.0004999998429397752 0.0006999997335495571 0.9999996300001966
vn -0.9999992750008233 -0.0008999993354866798 0.0007999993899189397
vn 0.0004999998429397752 0.0006999997335495571 0.9999996300001966
vn -0.03080041821885741 0.9995135434727725 -0.004900066534818224
vn -0.9999975600092001 -0.0001999995035733712 -0.0021999945102032545
vn 0.0005999998991343367 0.00039999989395111805 0.9999997400000691
vn 0.0005999998991343367 0.00039999989395111805 0.9999997400000691
vn -0.006399868551469934 0.00019999589223343545 0.9999795006319715
vn 0.00019999936010648943 -0.9999968550148153 -0.0024999921468502636
vn 0.0006999997643106778 0.000299999940567189 0.9999997100001407
vn -0.9999975600092001 -0.0001999995035733712 -0.0021999945102032545
vn 0.000599999920134318 0.000299999960067159 0.9999997750000346
vn -0.015399443356400491 0.9995638364277036 0.025199088281998492
vn -0.015399443356400491 0.9995638364277036 0.025199088281998492
vn -0.9999975600092001 -0.0001999995035733712 -0.0021999945102032545
vn 0.00019999936010648943 -0.9999968550148153 -0.0024999921468502636
vn 0.000599999920134318 0.000299999960067159 0.9999997750000346
vn -0.9999975600092001 -0.0001999995035733712 -0.0021999945102032545
vn 0.00019999936010648943 -0.9999968550148153 -0.0024999921468502636
vn 0.0007999997399023064 0 0.9999996800001568
vn 0.9999942000506579 0.00019999882976558405 -0.0033999802224302417
vn 0.00019999936010648943 -0.9999968550148153 -0.0024999921468502636
vn 0.000599999920134318 0.000299999960067159 0.9999997750000346
vn 0.9999942000506579 0.00019999882976558405 -0.0033999802224302417
vn 0.000599999920134318 0.000299999960067159 0.9999997750000346
vn 0.026999996063438572 0.9992998501021881 0.02589999610653935
vn 0.026999996063438572 0.9992998501021881 0.02589999610653935
vn 0.9999942000506579 0.00019999882976558405 -0.0033999802224302417
vn 0.0007999997399023064 0 0.9999996800001568
vn 0.054201301391072994 0.9985238947265737 -0.0035000839402254016
vn 0.9999942000506579 0.00019999882976558405 -0.0033999802224302417
vn 0.0007999997399023064 0 0.9999996800001568
vn -0.03179942157189394 0.9994817645660925 -0.004999908753458466
vn -0.9999975800090527 0 -0.0021999945542029277
vn 0.00019999936010648943 -0.9999968550148153 -0.0024999921468502636
vn 0.001499998305052284 0 0.9999988750019095
vn -0.9999687364675696 0.004199868404826332 -0.006699790506765569
vn 0.00019999936010648943 -0.9999968550148153 -0.0024999921468502636
vn 0.0006999997818106685 0.0001999999459755709 0.9999997350001285
vn 0.9999942000506579 0.00019999882976558405 -0.0033999802224302417
vn 0.0005999998721343487 0.0004999998740427382 0.9999996950000932
vn 0.054201301391072994 0.9985238947265737 -0.0035000839402254016
vn -0.9999934750637695 0.003599976535934074 -0.0002999980446611728
vn 0.0004999998429397752 0.0006999997335495571 0.9999996300001966
vn 0.9999923750878099 0.0038999701093604977 0.00019999846789294426
vn -0.03080041821885741 0.9995135434727725 -0.004900066534818224
vn 0.9999923750878099 0.0038999701093604977 0.00019999846789294426
vn -0.0005999964781416803 0.0033999797905696575 -0.9999940400530645
vn -0.015499415328777702 0.9995622922252327 0.025199049305567
vn -0.015499415328777702 0.9995622922252327 0.025199049305567
vn 0.026999996063438572 0.9992998501021881 0.02589999610653935
vn 0.026999996063438572 0.9992998501021881 0.02589999610653935
vn -0.0005999964781416803 0.0033999797905696575 -0.9999940400530645
vn -0.9999934750637695 0.003599976535934074 -0.0002999980446611728
vn -0.00019999998194757598 0.9999999350000031 -0.00029999999474923536
vn -0.0005999964781416803 0.0033999797905696575 -0.9999940400530645
vn -0.9999934750637695 0.003599976535934074 -0.0002999980446611728
vn 0.0004999998429397752 0.0006999997335495571 0.9999996300001966
vn -0.00019999998194757598 0.9999999350000031 -0.00029999999474923536
vn -0.9999934750637695 0.003599976535934074 -0.0002999980446611728
vn 0.9999923750878099 0.0038999701093604977 0.00019999846789294426
vn -0.00019999998194757598 0.9999999350000031 -0.00029999999474923536
vn -0.0005999964781416803 0.0033999797905696575 -0.9999940400530645
vn 0.0004999998429397752 0.0006999997335495571 0.9999996300001966
vn 0.9999923750878099 0.0038999701093604977 0.00019999846789294426
vn -0.00019999998194757598 0.9999999350000031 -0.00029999999474923536
vn 0.00019999936010648943 -0.9999968550148153 -0.0024999921468502636
vn 0.000599999920134318 0.000299999960067159 0.9999997750000346
vn 0.9999942000506579 0.00019999882976558405 -0.0033999802224302417
vn 0.0007999997399023064 0 0.9999996800001568
vn 0.055098608527497255 0.9984747838361894 -0.00349991165724583
vn 0.9999942000506579 0.00019999882976558405 -0.0033999802224302417
vn 0.000599999920134318 0.000299999960067159 0.9999997750000346
vn 0.02749955014045477 0.9992836418342345 0.02599957508464344
vn 0.02749955014045477 0.9992836418342345 0.02599957508464344
vn 0.9999942000506579 0.00019999882976558405 -0.0033999802224302417
vn 0.0007999997399023064 0 0.9999996800001568
vn 0.055098608527497255 0.9984747838361894 -0.00349991165724583
vn -0.9999874952331236 0.00489993899784341 -0.0009999876004725633
vn 0.0005999996288807368 -0.9999993200006099 -0.0009999993814678945
vn 0.0006999997818106685 0.0001999999459755709 0.9999997350001285
vn 0.9994669631520552 -0.03249892616785708 0.00309989766678272
vn 0.9999934750637695 0.003599976535934074 -0.0002999980446611728
vn -0.029098982279263445 0.9995650108121601 -0.0047998323301648264
vn -0.031200410623768784 0.00010000131386306685 0.9995131436737815
vn 0.0005999883926547106 -0.00619987996041925 0.9999806005630335
vn 0.0005999996288807368 -0.9999993200006099 -0.0009999993814678945
vn -0.9998280955670692 -0.017000477682178654 -0.007400207652845701
vn 0.0005999883926547106 -0.00619987996041925 0.9999806005630335
vn 0.0005999996288807368 -0.9999993200006099 -0.0009999993814678945
vn 0.9994669631520552 -0.03249892616785708 0.00309989766678272
vn 0.0005999883926547106 -0.00619987996041925 0.9999806005630335
vn 0.9994669631520552 -0.03249892616785708 0.00309989766678272
vn -0.0009999773936688902 0.9959775115682288 0.08959797149250054
vn 0.0005999883926547106 -0.00619987996041925 0.9999806005630335
vn -0.0009999773936688902 0.9959775115682288 0.08959797149250054
vn -0.9998280955670692 -0.017000477682178654 -0.007400207652845701
vn 0.00019999936010648943 -0.9999968550148153 -0.0024999921468502636
vn 0.0007999997399023064 0 0.9999996800001568
vn -0.9999973350105865 0.00019999946260161833 -0.0022999938999541413
vn 0.0007999997399023064 0 0.9999996800001568
vn -0.030101048019332718 0.9995348494328978 -0.004900171149264933
vn -0.9999958550255552 0.0026999888789769793 0.0009999958811025848
vn 0.00019999941962988436 -0.9999971000120669 -0.002399993268389247
vn 0.00029999999474923536 0.00019999998194757598 0.9999999350000031
vn -0.9999958550255552 0.0026999888789769793 0.0009999958811025848
vn 0.05679801963367524 0.9983651775881278 -0.006399776958511562
vn 0.06779976959585006 0.0021999923129066156 0.9976965226342994
vn -0.9999687364675696 0.004199868404826332 -0.006699790506765569
vn 0.000599999920134318 0.000299999960067159 0.9999997750000346
vn -0.0280009056484188 0.9992322757102237 0.02740088432580342
vn -0.0280009056484188 0.9992322757102237 0.02740088432580342
vn -0.9999687364675696 0.004199868404826332 -0.006699790506765569
vn 0.00019999936010648943 -0.9999968550148153 -0.0024999921468502636
vn 0.000599999920134318 0.000299999960067159 0.9999997750000346
vn -0.9999687364675696 0.004199868404826332 -0.006699790506765569
vn 0.00019999936010648943 -0.9999968550148153 -0.0024999921468502636
vn 0.0007999997399023064 0 0.9999996800001568
vn 0.9999495887259092 -0.0009000446426470994 0.010000496313983006
vn 0.00019999936010648943 -0.9999968550148153 -0.0024999921468502636
vn 0.000599999920134318 0.000299999960067159 0.9999997750000346
vn 0.9999495887259092 -0.0009000446426470994 0.010000496313983006
vn 0.000599999920134318 0.000299999960067159 0.9999997750000346
vn 0.025700741729557018 0.9993288860585817 0.02610075407847466
vn 0.025700741729557018 0.9993288860585817 0.02610075407847466
vn 0.9999495887259092 -0.0009000446426470994 0.010000496313983006
vn 0.0007999997399023064 0 0.9999996800001568
vn 0.05159812398981397 0.9986637192832952 -0.0028998944786843444
vn 0.9999495887259092 -0.0009000446426470994 0.010000496313983006
vn 0.00009999999247378762 0.0002999999992492346 0.9999999499999997
vn 0.00019999941962988436 -0.9999971000120669 -0.002399993268389247
vn 0.9999298733452274 -0.0010000299346394827 0.011800353042481386
vn 0.0004999998429397752 0.0006999997335495571 0.9999996300001966
vn 0.0007999997399023064 0 0.9999996800001568
vn 0.027900257378667203 0.9996092664558698 -0.0017000158123387334
vn 0.9947743892724135 -0.00019999485829461878 0.10209737729125831
vn 0.9999298733452274 -0.0010000299346394827 0.011800353042481386
vn 0.00019999936010648943 -0.9999968550148153 -0.0024999921468502636
vn 0.0007999997399023064 0 0.9999996800001568
vn 0.9973757985293831 -0.00009999756982957777 0.07239824934597068
vn 0.9973757985293831 -0.00009999756982957777 0.07239824934597068
vn 0.0005999997235626993 -0.0007999995538067197 0.9999995000003978
vn 0.9999167837337692 -0.00010000167740170213 0.012900217330694057
vn -0.00010000168807142665 0.9962169059745153 0.08690147438465001
vn 0.0005999997235626993 -0.0007999995538067197 0.9999995000003978
vn -0.00010000168807142665 0.9962169059745153 0.08690147438465001
vn -0.9999973350105865 0.00019999946260161833 -0.0022999938999541413
vn 0.00019999936010648943 -0.9999968550148153 -0.0024999921468502636
vn 0.0005999997235626993 -0.0007999995538067197 0.9999995000003978
vn -0.9999973350105865 0.00019999946260161833 -0.0022999938999541413
vn 0.00019999936010648943 -0.9999968550148153 -0.0024999921468502636
vn 0.0005999997235626993 -0.0007999995538067197 0.9999995000003978
vn 0.9999167837337692 -0.00010000167740170213 0.012900217330694057
vn 0.0007999997399023064 0 0.9999996800001568
vn 0.9999893151719227 0.003599961446702067 0.00289996889143652
vn -0.030101048019332718 0.9995348494328978 -0.004900171149264933
vn 0.9999893151719227 0.003599961446702067 0.00289996889143652
vn -0.0005999970147965436 0.0030999845570462542 -0.9999950150372392
vn -0.015099599284681206 0.9995734266721921 0.024999335836253217
vn -0.015099599284681206 0.9995734266721921 0.024999335836253217
vn 0.000599999920134318 0.000299999960067159 0.9999997750000346
vn -0.01509956109452992 0.9995709228848367 0.02509927046566189
vn -0.01509956109452992 0.9995709228848367 0.02509927046566189
vn -0.9999958550255552 0.0026999888789769793 0.0009999958811025848
vn 0.00019999941962988436 -0.9999971000120669 -0.002399993268389247
vn 0.000599999920134318 0.000299999960067159 0.9999997750000346
vn -0.9999958550255552 0.0026999888789769793 0.0009999958811025848
vn 0.00019999941962988436 -0.9999971000120669 -0.002399993268389247
vn 0.000599999920134318 0.000299999960067159 0.9999997750000346
vn 0.9999298733452274 -0.0010000299346394827 0.011800353042481386
vn 0.000599999920134318 0.000299999960067159 0.9999997750000346
vn 0.013900650373009863 0.9995468048779982 0.026701250483681247
vn 0.013900650373009863 0.9995468048779982 0.026701250483681247
vn 0.9999298733452274 -0.0010000299346394827 0.011800353042481386
vn 0.0007999997399023064 0 0.9999996800001568
vn 0.027900257378667203 0.9996092664558698 -0.0017000158123387334
vn -0.999895710463113 -0.0010999953431513074 -0.014399937767631913
vn 0.0007999997399023064 0 0.9999996800001568
vn 0.9999893151719227 0.003599961446702067 0.00289996889143652
vn -0.00019999998194757598 0.9999999350000031 -0.00029999999474923536
vn 0.9999893151719227 0.003599961446702067 0.00289996889143652
vn -0.00019999998194757598 0.9999999350000031 -0.00029999999474923536
vn -0.0005999970147965436 0.0030999845570462542 -0.9999950150372392
vn -0.00019999998194757598 0.9999999350000031 -0.00029999999474923536
vn -0.0005999970147965436 0.0030999845570462542 -0.9999950150372392
vn -0.999895710463113 -0.0010999953431513074 -0.014399937767631913
vn 0.013900650373009863 0.9995468048779982 0.026701250483681247
vn 0.013900650373009863 0.9995468048779982 0.026701250483681247
vn -0.0005999970147965436 0.0030999845570462542 -0.9999950150372392
vn -0.999895710463113 -0.0010999953431513074 -0.014399937767631913
vn 0.0007999997399023064 0 0.9999996800001568
vn -0.00019999998194757598 0.9999999350000031 -0.00029999999474923536
vn -0.999895710463113 -0.0010999953431513074 -0.014399937767631913
vn 0.06159867268285018 0.998078511671867 -0.0066998554150008455
vn 0.9999920600938759 0.003799969987799142 0.0011999905408442522
vn -0.0010999991629144972 0.0004999996671310388 0.9999992700008208
vn 0.9999920600938759 0.003799969987799142 0.0011999905408442522
vn -0.0005999966391844199 0.0032999815155143096 -0.9999943750471951
vn -0.026899214024698425 0.9992707667122531 0.02709920809099958
vn -0.026899214024698425 0.9992707667122531 0.02709920809099958
vn 0.02580074637986368 0.9993289160239432 0.02600075161706796
vn 0.02580074637986368 0.9993289160239432 0.02600075161706796
vn -0.0005999966391844199 0.0032999815155143096 -0.9999943750471951
vn -0.999934693335919 -0.0008000277713866082 -0.011400395553084275
vn -0.00019999998194757598 0.9999999350000031 -0.00029999999474923536
vn -0.0005999966391844199 0.0032999815155143096 -0.9999943750471951
vn -0.999934693335919 -0.0008000277713866082 -0.011400395553084275
vn -0.00019999998194757598 0.9999999350000031 -0.00029999999474923536
vn -0.0010999991629144972 0.0004999996671310388 0.9999992700008208
vn -0.999934693335919 -0.0008000277713866082 -0.011400395553084275
vn 0.9999920600938759 0.003799969987799142 0.0011999905408442522
vn -0.00019999998194757598 0.9999999350000031 -0.00029999999474923536
vn -0.0005999966391844199 0.0032999815155143096 -0.9999943750471951
vn 0.9999920600938759 0.003799969987799142 0.0011999905408442522
vn -0.00019999998194757598 0.9999999350000031 -0.00029999999474923536
vn -0.0010999991629144972 0.0004999996671310388 0.9999992700008208
vn 0.05159812398981397 0.9986637192832952 -0.0028998944786843444
vn -0.0004999999401457205 0.0002999999699081981 0.9999998300000246
vn -0.999934693335919 -0.0008000277713866082 -0.011400395553084275
vn 0.0006999997923106598 0.00009999997448778427 0.9999997500001168
vn 0.0006999997923106598 0.00009999997448778427 0.9999997500001168
vn 0.0007999997399023064 0 0.9999996800001568
vn 0.9999909901221655 -0.0010999901390532686 0.004099962949232294
vn -0.04879980627349594 0.9987960648217488 0.004999980425789448
vn 0.0007999997399023064 0 0.9999996800001568
vn -0.0448991027420836 0.9989799955410501 0.004799904348979841
vn -0.9998673748633359 0.0049998370503863835 -0.0154994939714414
vn 0.0007999997399023064 0 0.9999996800001568
vn 0.9999885151976718 0.004399949505612774 0.0018999781850223053
vn -0.03179942157189394 0.9994817645660925 -0.004999908753458466
vn 0.9999885151976718 0.004399949505612774 0.0018999781850223053
vn -0.0005999924353588333 0.004999936340441922 -0.9999873202424463
vn -0.01600062597506675 0.9995390376978432 0.0258010094080782
vn -0.01600062597506675 0.9995390376978432 0.0258010094080782
vn 0.0005999997552447096 0.0006999996950496089 0.9999995750002699
vn -0.01600058466109383 0.9995364537223852 0.025900945360766273
vn -0.01600058466109383 0.9995364537223852 0.025900945360766273
vn -0.9999975800090527 0 -0.0021999945542029277
vn 0.0007999997399023064 0 0.9999996800001568
vn -0.9999554179820007 0.008599616606566135 -0.003899825978510487
vn -0.9999554179820007 0.008599616606566135 -0.003899825978510487
vn 0.0007999997399023064 0 0.9999996800001568
vn -0.9998340849181554 0.017300590260993197 -0.005700194075303014
vn 0.00210004126619861 0.012500246374975172 0.9999196636066545
vn 0.00210004126619861 0.012500246374975172 0.9999196636066545
vn 0.9999914701099674 0.0040999648247950875 0.0004999957415742413
vn 0.9999914701099674 0.0040999648247950875 0.0004999957415742413
vn 0.003700001098910528 0.024200006885418297 0.9997002899162398
vn -0.9998340849181554 0.017300590260993197 -0.005700194075303014
vn 0.003700001098910528 0.024200006885418297 0.9997002899162398
vn 0.9999537931997285 0.00909957983849251 -0.00309985680921058
vn 0.002200042772786095 0.012500243873850583 0.9999194486131829
vn 0.002200042772786095 0.012500243873850583 0.9999194486131829
vn -0.9999541581532393 0.008699600946455313 -0.003999816923185582
vn -0.9999541581532393 0.008699600946455313 -0.003999816923185582
vn 0.0005999997552447096 0.0006999996950496089 0.9999995750002699
vn 0.024299752056294664 0.9992897973279612 0.028799704968017186
vn 0.024299752056294664 0.9992897973279612 0.028799704968017186
vn 0.9999909901221655 -0.0010999901390532686 0.004099962949232294
vn 0.027800118512121007 0.9992042766071266 0.02860012273996157
vn 0.027800118512121007 0.9992042766071266 0.02860012273996157
vn -0.0005999924353588333 0.004999936340441922 -0.9999873202424463
vn -0.9998673748633359 0.0049998370503863835 -0.0154994939714414
vn 0.0007999997399023064 0 0.9999996800001568
vn -0.0006999992063607491 0.9999989100018019 0.001299998584306194
vn -0.9998673748633359 0.0049998370503863835 -0.0154994939714414
vn -0.0005999924353588333 0.004999936340441922 -0.9999873202424463
vn -0.0006999992063607491 0.9999989100018019 0.001299998584306194
vn -0.9998673748633359 0.0049998370503863835 -0.0154994939714414
vn 0.9999885151976718 0.004399949505612774 0.0018999781850223053
vn -0.0005999924353588333 0.004999936340441922 -0.9999873202424463
vn -0.0006999992063607491 0.9999989100018019 0.001299998584306194
vn 0.0007999997399023064 0 0.9999996800001568
vn 0.9999885151976718 0.004399949505612774 0.0018999781850223053
vn -0.0006999992063607491 0.9999989100018019 0.001299998584306194
vn 0.0007999997399023064 0 0.9999996800001568
vn 0.9999918750989465 0.003999967519022237 0.0004999959398777796
vn 0.9999918750989465 0.003999967519022237 0.0004999959398777796
vn 0.0007999997399023064 0 0.9999996800001568
vn 0.9999537931997285 0.00909957983849251 -0.00309985680921058
vn 0.0012999974773780613 0.0014999970086871607 0.9999980300058259
vn 0.0012999974773780613 0.0014999970086871607 0.9999980300058259
vn 0.9122709435711471 0.0004999841223037937 -0.4095869572284817
vn -0.9999997350001283 -0.00019999994597557085 0.0006999997818106683
vn 0.0005999992173740608 0.001499998043435152 0.999998695002553
vn -0.00009999612429483226 0.9973613383470005 0.07259718156688355
vn -0.9999997350001283 -0.00019999994597557085 0.0006999997818106683
vn 0.0005999999218164023 0.00019999994968561072 0.999999800000037
vn 0.9122709435711471 0.0004999841223037937 -0.4095869572284817
vn -0.00009999612429483226 0.9973613383470005 0.07259718156688355
vn -0.9999997350001283 -0.00019999994597557085 0.0006999997818106683
vn 0.0005999999218164023 0.00019999994968561072 0.999999800000037
vn 0.9122709435711471 0.0004999841223037937 -0.4095869572284817
vn 0.9999934750637695 0.003599976535934074 -0.0002999980446611728
vn -0.0005999970147965436 0.0030999845570462542 -0.9999950150372392
vn -0.014599610359683527 0.9995733067541909 0.025299324137961526
vn -0.014599610359683527 0.9995733067541909 0.025299324137961526
vn 0.000599999920134318 0.000299999960067159 0.9999997750000346
vn -0.014699623033000918 0.9995743662440624 0.025199353770858714
vn -0.014699623033000918 0.9995743662440624 0.025199353770858714
vn -0.9999992750008233 -0.0008999993354866798 0.0007999993899189397
vn 0.00019999936010648943 -0.9999968550148153 -0.0024999921468502636
vn 0.000599999920134318 0.000299999960067159 0.9999997750000346
vn -0.9999992750008233 -0.0008999993354866798 0.0007999993899189397
vn 0.027499621970763728 0.9992862349010473 0.025899643409785136
vn 0.027499621970763728 0.9992862349010473 0.025899643409785136
vn -0.0005999970147965436 0.0030999845570462542 -0.9999950150372392
vn -0.9999874952331236 0.00489993899784341 -0.0009999876004725633
vn 0.0007999997399023064 0 0.9999996800001568
vn -0.00019999998194757598 0.9999999350000031 -0.00029999999474923536
vn -0.9999874952331236 0.00489993899784341 -0.0009999876004725633
vn -0.00019999998194757598 0.9999999350000031 -0.00029999999474923536
vn -0.0005999970147965436 0.0030999845570462542 -0.9999950150372392
vn -0.9999874952331236 0.00489993899784341 -0.0009999876004725633
vn 0.9999934750637695 0.003599976535934074 -0.0002999980446611728
vn -0.00019999998194757598 0.9999999350000031 -0.00029999999474923536
vn -0.0005999970147965436 0.0030999845570462542 -0.9999950150372392
vn 0.0007999997399023064 0 0.9999996800001568
vn 0.9999934750637695 0.003599976535934074 -0.0002999980446611728
vn -0.00019999998194757598 0.9999999350000031 -0.00029999999474923536
f 9/9/9 18/18/18 4/4/4
f 9/9/9 4/4/4 2/2/2
f 337/337/337 336/336/336 21/21/21
f 337/337/337 21/21/21 22/22/22
f 361/361/361 351/351/351 354/354/354
f 361/361/361 354/354/354 130/130/130
f 366/366/366 369/369/369 363/363/363
f 366/366/366 363/363/363 134/134/134
f 263/263/263 270/270/270 267/267/267
f 263/263/263 267/267/267 260/260/260
f 228/228/228 243/243/243 214/214/214
f 228/228/228 214/214/214 217/217/217
f 170/170/170 176/176/176 178/178/178
f 170/170/170 178/178/178 165/165/165
f 198/198/198 208/208/208 195/195/195
f 198/198/198 195/195/195 37/37/37
f 114/114/114 121/121/121 117/117/117
f 114/114/114 117/117/117 110/110/110
f 100/100/100 102/102/102 116/116/116
f 100/100/100 116/116/116 120/120/120
f 45/45/45 47/47/47 151/151/151
f 45/45/45 151/151/151 149/149/149
f 237/237/237 239/239/239 247/247/247
f 237/237/237 247/247/247 235/235/235
f 193/193/193 206/206/206 203/203/203
f 193/193/193 203/203/203 153/153/153
f 192/192/192 229/229/229 225/225/225
f 192/192/192 225/225/225 187/187/187
f 53/53/53 50/50/50 46/46/46
f 43/43/43 136/136/136 40/40/40
f 43/43/43 40/40/40 36/36/36
f 188/188/188 185/185/185 32/32/32
f 36/36/36 188/188/188 32/32/32
f 32/32/32 23/23/23 12/12/12
f 14/14/14 61/61/61 65/65/65
f 36/36/36 32/32/32 12/12/12
f 43/43/43 36/36/36 12/12/12
f 12/12/12 14/14/14 65/65/65
f 12/12/12 65/65/65 58/58/58
f 46/46/46 43/43/43 12/12/12
f 53/53/53 46/46/46 12/12/12
f 12/12/12 58/58/58 99/99/99
f 99/99/99 119/119/119 113/113/113
f 96/96/96 94/94/94 56/56/56
f 99/99/99 113/113/113 96/96/96
f 56/56/56 53/53/53 12/12/12
f 99/99/99 96/96/96 56/56/56
f 56/56/56 12/12/12 99/99/99
f 6/6/6 10/10/10 1/1/1
f 6/6/6 1/1/1 3/3/3
f 85/85/85 97/97/97 106/106/106
f 85/85/85 106/106/106 81/81/81
f 135/135/135 145/145/145 142/142/142
f 135/135/135 142/142/142 49/49/49
f 157/157/157 218/218/218 215/215/215
f 157/157/157 215/215/215 211/211/211
f 365/365/365 375/375/375 371/371/371
f 365/365/365 371/371/371 367/367/367
f 72/72/72 78/78/78 80/80/80
f 72/72/72 80/80/80 67/67/67
f 259/259/259 274/274/274 265/265/265
f 259/259/259 265/265/265 262/262/262
f 321/321/321 324/324/324 318/318/318
f 321/321/321 318/318/318 282/282/282
f 287/287/287 317/317/317 322/322/322
f 287/287/287 322/322/322 326/326/326
f 316/316/316 288/288/288 291/291/291
f 316/316/316 291/291/291 313/313/313
f 231/231/231 242/242/242 227/227/227
f 231/231/231 227/227/227 190/190/190
f 272/272/272 256/256/256 179/179/179
f 272/272/272 179/179/179 183/183/183
f 191/191/191 38/38/38 196/196/196
f 29/29/29 340/340/340 27/27/27
f 29/29/29 27/27/27 25/25/25
f 122/122/122 357/357/357 55/55/55
f 122/122/122 55/55/55 93/93/93
f 52/52/52 355/355/355 352/352/352
f 52/52/52 352/352/352 139/139/139
f 320/320/320 330/330/330 327/327/327
f 320/320/320 327/327/327 323/323/323
f 59/59/59 69/69/69 105/105/105
f 59/59/59 105/105/105 101/101/101
f 155/155/155 205/205/205 202/202/202
f 155/155/155 202/202/202 42/42/42
f 174/174/174 184/184/184 181/181/181
f 174/174/174 181/181/181 177/177/177
f 74/74/74 77/77/77 71/71/71
f 74/74/74 71/71/71 64/64/64
f 76/76/76 86/86/86 83/83/83
f 76/76/76 83/83/83 79/79/79
f 209/209/209 233/233/233 246/246/246
f 230/230/230 189/189/189 194/194/194
f 209/209/209 246/246/246 230/230/230
f 156/156/156 209/209/209 230/230/230
f 230/230/230 194/194/194 154/154/154
f 154/154/154 40/40/40 136/136/136
f 136/136/136 50/50/50 140/140/140
f 140/140/140 373/373/373 364/364/364
f 140/140/140 364/364/364 132/132/132
f 154/154/154 136/136/136 140/140/140
f 156/156/156 230/230/230 154/154/154
f 160/160/160 156/156/156 154/154/154
f 154/154/154 140/140/140 132/132/132
f 154/154/154 132/132/132 125/125/125
f 160/160/160 154/154/154 125/125/125
f 94/94/94 96/96/96 84/84/84
f 160/160/160 125/125/125 94/94/94
f 91/91/91 160/160/160 94/94/94
f 91/91/91 94/94/94 84/84/84
f 173/173/173 91/91/91 84/84/84
f 75/75/75 65/65/65 61/61/61
f 185/185/185 273/273/273 182/182/182
f 275/275/275 32/32/32 185/185/185
f 331/331/331 334/334/334 275/275/275
f 277/277/277 331/331/331 275/275/275
f 275/275/275 185/185/185 182/182/182
f 275/275/275 182/182/182 173/173/173
f 277/277/277 275/275/275 173/173/173
f 75/75/75 61/61/61 297/297/297
f 297/297/297 294/294/294 87/87/87
f 283/283/283 328/328/328 319/319/319
f 75/75/75 297/297/297 87/87/87
f 283/283/283 319/319/319 280/280/280
f 84/84/84 75/75/75 87/87/87
f 87/87/87 283/283/283 280/280/280
f 280/280/280 277/277/277 173/173/173
f 173/173/173 84/84/84 87/87/87
f 87/87/87 280/280/280 173/173/173
f 249/249/249 162/162/162 255/255/255
f 162/162/162 167/167/167 255/255/255
f 307/307/307 299/299/299 311/311/311
f 307/307/307 311/311/311 290/290/290
f 221/221/221 224/224/224 226/226/226
f 221/221/221 226/226/226 216/216/216
f 362/362/362 368/368/368 372/372/372
f 362/362/362 372/372/372 350/350/350
f 251/251/251 271/271/271 264/264/264
f 273/273/273 185/185/185 160/160/160
f 251/251/251 264/264/264 273/273/273
f 160/160/160 163/163/163 251/251/251
f 251/251/251 273/273/273 160/160/160
f 353/353/353 358/358/358 123/123/123
f 353/353/353 123/123/123 128/128/128
f 20/20/20 63/63/63 62/62/62
f 20/20/20 62/62/62 15/15/15
f 250/250/250 252/252/252 266/266/266
f 250/250/250 266/266/266 269/269/269
f 295/295/295 309/309/309 293/293/293
f 295/295/295 293/293/293 89/89/89
f 281/281/281 315/315/315 312/312/312
f 82/82/82 107/107/107 104/104/104
f 82/82/82 104/104/104 68/68/68
f 261/261/261 268/268/268 253/253/253
f 261/261/261 253/253/253 258/258/258
f 279/279/279 281/281/281 312/312/312
f 57/57/57 359/359/359 356/356/356
f 57/57/57 356/356/356 54/54/54
f 127/127/127 131/131/131 124/124/124
f 127/127/127 124/124/124 95/95/95
f 308/308/308 303/303/303 305/305/305
f 308/308/308 305/305/305 300/300/300
f 141/141/141 144/144/144 147/147/147
f 141/141/141 147/147/147 150/150/150
f 333/333/333 302/302/302 306/306/306
f 333/333/333 306/306/306 335/335/335
f 172/172/172 175/175/175 169/169/169
f 172/172/172 169/169/169 90/90/90
f 92/92/92 171/171/171 168/168/168
f 92/92/92 168/168/168 164/164/164
f 51/51/51 143/143/143 152/152/152
f 51/51/51 152/152/152 48/48/48
f 342/342/342 346/346/346 339/339/339
f 342/342/342 339/339/339 28/28/28
f 213/213/213 244/244/244 240/240/240
f 213/213/213 240/240/240 238/238/238
f 39/39/39 41/41/41 201/201/201
f 39/39/39 201/201/201 199/199/199
f 180/180/180 257/257/257 254/254/254
f 180/180/180 254/254/254 166/166/166
f 186/186/186 223/223/223 220/220/220
f 186/186/186 220/220/220 159/159/159
f 210/210/210 212/212/212 236/236/236
f 210/210/210 236/236/236 234/234/234
f 66/66/66 73/73/73 70/70/70
f 66/66/66 70/70/70 60/60/60
f 133/133/133 360/360/360 129/129/129
f 133/133/133 129/129/129 126/126/126
f 24/24/24 34/34/34 30/30/30
f 24/24/24 30/30/30 26/26/26
f 197/197/197 200/200/200 204/204/204
f 197/197/197 204/204/204 207/207/207
f 7/7/7 5/5/5 19/19/19
f 7/7/7 19/19/19 16/16/16
f 44/44/44 148/148/148 146/146/146
f 44/44/44 146/146/146 137/137/137
f 8/8/8 17/17/17 13/13/13
f 8/8/8 13/13/13 11/11/11
f 31/31/31 35/35/35 345/345/345
f 31/31/31 345/345/345 341/341/341
f 338/338/338 344/344/344 348/348/348
f 248/248/248 241/241/241 245/245/245
f 248/248/248 245/245/245 232/232/232
f 50/50/50 53/53/53 140/140/140
f 88/88/88 292/292/292 289/289/289
f 88/88/88 289/289/289 285/285/285
f 138/138/138 349/349/349 370/370/370
f 138/138/138 370/370/370 374/374/374
f 284/284/284 286/286/286 325/325/325
f 284/284/284 325/325/325 329/329/329
f 109/109/109 98/98/98 115/115/115
f 109/109/109 115/115/115 112/112/112
f 111/111/111 118/118/118 103/103/103
f 111/111/111 103/103/103 108/108/108
f 310/310/310 296/296/296 298/298/298
f 310/310/310 298/298/298 304/304/304
f 161/161/161 222/222/222 219/219/219
f 161/161/161 219/219/219 158/158/158
f 332/332/332 278/278/278 314/314/314
f 332/332/332 314/314/314 301/301/301
f 33/33/33 276/276/276 347/347/347
f 33/33/33 347/347/347 343/343/343
o C-Mesh022_1
usemtl Standa3
v -38.26834297180176 17.646455764770508 61.47363996505737
v -38.657766342163086 17.64932632446289 60.39317607879639
v -38.657766342163086 17.64932632446289 60.39317607879639
v -38.6192512512207 17.649084091186523 59.602112770080566
v -33.02928161621094 17.64670753479004 59.59605836868286
v -38.61636543273926 16.84581756591797 59.59960412979126
v -33.03191089630127 16.849985122680664 59.59906721115112
v -33.02832794189453 16.847148895263672 60.996304512023926
v -33.03121280670166 17.65041732788086 60.99881172180176
v -38.27089881896973 15.143659591674805 61.477779388427734
v -38.659889221191406 17.646390914916992 61.47387218475342
v -38.659889221191406 17.646390914916992 61.47387218475342
v -38.64726448059082 0.0001659393310546875 61.473050117492676
v -38.64726448059082 0.0001659393310546875 61.473050117492676
v -38.65755367279053 -0.000171661376953125 60.4014310836792
v -38.65755367279053 -0.000171661376953125 60.4014310836792
v -39.0845890045166 -0.000240325927734375 60.39898681640625
v -39.0845890045166 -0.000240325927734375 60.39898681640625
v -39.09052658081055 17.645986557006836 60.396185874938965
v -39.09052658081055 17.645986557006836 60.396185874938965
v -38.62540149688721 17.64582061767578 49.17409133911133
v -38.62540149688721 17.64582061767578 49.17409133911133
v -39.082014083862305 17.6423282623291 48.70154571533203
v -25.881362438201904 17.647857666015625 49.1665735244751
v -25.881362438201904 17.647857666015625 49.1665735244751
v -25.883174896240234 17.64508819580078 50.769328117370605
v -25.883174896240234 17.64508819580078 50.769328117370605
v -25.883989810943604 16.84459114074707 49.16958427429199
v -25.883989810943604 16.84459114074707 49.16958427429199
v -38.62251281738281 16.842554092407227 49.17710018157959
v -38.62251281738281 16.842554092407227 49.17710018157959
v -25.880290031433105 16.848365783691406 50.76681709289551
v -25.880290031433105 16.848365783691406 50.76681709289551
v -22.6355619430542 16.871166229248047 57.16393756866455
v -22.619020462036133 16.870365142822266 54.5976083278656
v -20.245030403137207 16.849266052246094 50.763492584228516
v -20.245030403137207 16.849266052246094 50.763492584228516
v -7.52009391784668 16.8475284576416 49.158751487731934
v -20.24321460723877 16.845495223999023 49.16625785827637
v -20.24321460723877 16.845495223999023 49.16625785827637
v -20.246102333068848 17.648759841918945 49.163249015808105
v -20.246102333068848 17.648759841918945 49.163249015808105
v -20.242399215698242 17.6459903717041 50.76599979400635
v -20.242399215698242 17.6459903717041 50.76599979400635
v -7.0460052490234375 17.647451400756836 48.68372344970703
v -7.0460052490234375 0.0012254714965820312 48.691895484924316
v -7.038980484008789 0.0048847198486328125 60.38005828857422
v -7.038980484008789 0.0048847198486328125 60.38005828857422
v -7.039106369018555 17.651113510131836 60.377281665802
v -7.039106369018555 17.651113510131836 60.377281665802
v -7.517467498779297 17.650794982910156 49.15573978424072
v -38.27100372314453 0.0002288818359375 61.48042583465576
v -39.07603740692139 -0.0038976669311523438 48.71065807342529
v -22.637298583984375 18.753002166748047 57.16118669509888
v -22.62032413482666 17.973756790161133 54.59787154197693
v -7.421869277954102 17.65432357788086 60.37474822998047
v -7.421869277954102 17.65432357788086 60.37474822998047
v -7.416206359863281 0.004830360412597656 60.39766883850098
v -7.416206359863281 0.004830360412597656 60.39766883850098
v -7.41847038269043 17.651390075683594 61.455440044403076
v -7.41847038269043 17.651390075683594 61.455440044403076
v -7.810014724731445 17.65132713317871 61.45567321777344
v -7.7963714599609375 0.005103111267089844 61.462708473205566
v -7.418519973754883 0.005162239074707031 61.45826053619385
v -7.418519973754883 0.005162239074707031 61.45826053619385
vt 0.00020173192024230957 0.9761701822280884
vt 0.000041931867599487305 0.8927825689315796
vt 0.000041931867599487305 0.8927825689315796
vt 0.5957633256912231 0.00540614128112793
vt 0.5383110046386719 0.005337357521057129
vt 0.5957633256912231 0.04536855220794678
vt 0.5383111238479614 0.04296469688415527
vt 0.5950937271118164 0.042963624000549316
vt 0.5950936079025269 0.005336165428161621
vt 0.07106596231460571 0.9759575128555298
vt 0.00017899274826049805 0.9540198445320129
vt 0.00017899274826049805 0.9540198445320129
vt 0.5035619139671326 0.9540300369262695
vt 0.5035619139671326 0.9540300369262695
vt 0.5035911202430725 0.8928268551826477
vt 0.5035911202430725 0.8928268551826477
vt 0.5034986734390259 0.8683193922042847
vt 0.5034986734390259 0.8683193922042847
vt 0.00007742643356323242 0.86839759349823
vt 0.00007742643356323242 0.86839759349823
vt 0.5473349094390869 0.00655210018157959
vt 0.24528470635414124 0.005048811435699463
vt 0 0.20323026180267334
vt 0.2274361550807953 0.0065541863441467285
vt 0.5877164602279663 0.7709753513336182
vt 0.35916897654533386 0.01102602481842041
vt 0.5877162218093872 0.6516345739364624
vt 0.2275015413761139 0.04971867799758911
vt 0.5623772740364075 0.7714986801147461
vt 0.5472697019577026 0.04971611499786377
vt 0.2448144257068634 0.04501122236251831
vt 0.35916897654533386 0.048017024993896484
vt 0.5623772740364075 0.6518115997314453
vt 0.9318354725837708 0.779355525970459
vt 0.9318544268608093 0.6496928334236145
vt 0.554909348487854 0.048018455505371094
vt 0.48515209555625916 0.04715144634246826
vt 0.2637135088443756 0.04600769281387329
vt 0.5785031318664551 0.04600512981414795
vt 0.5401186943054199 0.04715144634246826
vt 0.578571081161499 0.006488204002380371
vt 0.5401186943054199 0.009929537773132324
vt 0.554909348487854 0.011027693748474121
vt 0.48515209555625916 0.009929537773132324
vt 0.9975043535232544 0.20532995462417603
vt 0.503113865852356 0.2032243013381958
vt 0.5023878216743469 0.8610881567001343
vt 0.5023878216743469 0.8610881567001343
vt 0.9967775344848633 0.8636466264724731
vt 0.9967775344848633 0.8636466264724731
vt 0.26364538073539734 0.00649029016494751
vt 0.5036550760269165 0.9755377769470215
vt 0.49967995285987854 0.20328694581985474
vt 0.9792031645774841 0.7794793844223022
vt 0.9596285820007324 0.6497224569320679
vt 0.9968711137771606 0.8853658437728882
vt 0.9968711137771606 0.8853658437728882
vt 0.5023902654647827 0.882169783115387
vt 0.5023902654647827 0.882169783115387
vt 0.9966723918914795 0.9463623762130737
vt 0.9966723918914795 0.9463623762130737
vt 0.9966279864311218 0.968475878238678
vt 0.5022438764572144 0.962963342666626
vt 0.5022861361503601 0.9417439103126526
vt 0.5022861361503601 0.9417439103126526
vn -0.013500120284535046 0.00020000176722561287 0.9999088492215659
vn 0.0006999997643106778 0.000299999940567189 0.9999997100001407
vn -0.999992700079977 -0.00039999706825076054 0.003799972250245629
vn 0.9999933400665612 0.003599976013436278 -0.0005999960216419336
vn 0.999999800000037 0.00019999994968561072 -0.0005999999218164023
vn 0.9999933400665612 0.003599976013436278 -0.0005999960216419336
vn 0.999999800000037 0.00019999994968561072 -0.0005999999218164023
vn 0.999999800000037 0.00019999994968561072 -0.0005999999218164023
vn 0.999999800000037 0.00019999994968561072 -0.0005999999218164023
vn -0.008799659134629129 0.0001999922543826543 0.9999612622507997
vn -0.013500120284535046 0.00020000176722561287 0.9999088492215659
vn -0.999992700079977 -0.00039999706825076054 0.003799972250245629
vn -0.013500120284535046 0.00020000176722561287 0.9999088492215659
vn -0.999992700079977 -0.00039999706825076054 0.003799972250245629
vn 0.0006999997643106778 0.000299999940567189 0.9999997100001407
vn -0.999992700079977 -0.00039999706825076054 0.003799972250245629
vn 0.0006999997643106778 0.000299999940567189 0.9999997100001407
vn -0.9999997100001407 -0.000299999940567189 -0.0006999997643106778
vn 0.0006999997643106778 0.000299999940567189 0.9999997100001407
vn -0.9999997100001407 -0.000299999940567189 -0.0006999997643106778
vn 0.0005999958426002465 0.00369997395524789 0.9999929750741847
vn 0.9999933400665612 0.003599976013436278 -0.0005999960216419336
vn -0.9999997100001407 -0.000299999940567189 -0.0006999997643106778
vn 0.0005999958426002465 0.00369997395524789 0.9999929750741847
vn -0.999999800000037 -0.00019999994968561072 0.0005999999218164023
vn 0.0005999970147965436 -0.0030999845570462542 0.9999950150372392
vn -0.999999800000037 -0.00019999994968561072 0.0005999999218164023
vn 0.0005999958426002465 0.00369997395524789 0.9999929750741847
vn -0.999999800000037 -0.00019999994968561072 0.0005999999218164023
vn 0.0005999958426002465 0.00369997395524789 0.9999929750741847
vn 0.9999933400665612 0.003599976013436278 -0.0005999960216419336
vn 0.0005999970147965436 -0.0030999845570462542 0.9999950150372392
vn -0.999999800000037 -0.00019999994968561072 0.0005999999218164023
vn 0.9999790206601106 0.000999979094234594 0.006399865737440114
vn 0.9999790206601106 0.000999979094234594 0.006399865737440114
vn 0.0005999970147965436 -0.0030999845570462542 0.9999950150372392
vn 0.999999800000037 0.00019999994968561072 -0.0005999999218164023
vn 0.0005999958426002465 0.00369997395524789 0.9999929750741847
vn 0.0005999958426002465 0.00369997395524789 0.9999929750741847
vn 0.999999800000037 0.00019999994968561072 -0.0005999999218164023
vn 0.0005999958426002465 0.00369997395524789 0.9999929750741847
vn 0.999999800000037 0.00019999994968561072 -0.0005999999218164023
vn 0.0005999970147965436 -0.0030999845570462542 0.9999950150372392
vn 0.999999800000037 0.00019999994968561072 -0.0005999999218164023
vn 0.9999998200000235 0 -0.0005999999338163952
vn 0.9999998200000235 0 -0.0005999999338163952
vn 0.019800072385287203 0.0007000025308539142 0.9998037143009594
vn 0.9999998200000235 0 -0.0005999999338163952
vn 0.019800072385287203 0.0007000025308539142 0.9998037143009594
vn 0.9999998200000235 0 -0.0005999999338163952
vn 0.0005999958426002465 0.00369997395524789 0.9999929750741847
vn -0.006399868551469934 0.00019999589223343545 0.9999795006319715
vn -0.9999997100001407 -0.000299999940567189 -0.0006999997643106778
vn 0.9999790206601106 0.000999979094234594 0.006399865737440114
vn 0.9999790206601106 0.000999979094234594 0.006399865737440114
vn 0.019800072385287203 0.0007000025308539142 0.9998037143009594
vn 0.9999998550000211 0.00019999996068560696 -0.0004999999526457194
vn 0.019800072385287203 0.0007000025308539142 0.9998037143009594
vn 0.9999998550000211 0.00019999996068560696 -0.0004999999526457194
vn 0.006099885938680287 0.0002999944104656013 0.9999813505235429
vn 0.9999998550000211 0.00019999996068560696 -0.0004999999526457194
vn 0.006099885938680287 0.0002999944104656013 0.9999813505235429
vn 0.006099885938680287 0.0002999944104656013 0.9999813505235429
vn 0.006099885938680287 0.0002999944104656013 0.9999813505235429
vn 0.9999998550000211 0.00019999996068560696 -0.0004999999526457194
f 417/417/417 419/419/419 412/412/412
f 417/417/417 412/412/412 415/415/415
f 380/380/380 384/384/384 383/383/383
f 380/380/380 383/383/383 382/382/382
f 413/413/413 426/426/426 416/416/416
f 413/413/413 416/416/416 414/414/414
f 397/397/397 379/379/379 381/381/381
f 397/397/397 381/381/381 406/406/406
f 420/420/420 425/425/425 423/423/423
f 420/420/420 423/423/423 421/421/421
f 404/404/404 408/408/408 402/402/402
f 404/404/404 402/402/402 400/400/400
f 377/377/377 394/394/394 392/392/392
f 377/377/377 392/392/392 390/390/390
f 396/396/396 405/405/405 403/403/403
f 396/396/396 403/403/403 399/399/399
f 378/378/378 391/391/391 389/389/389
f 378/378/378 389/389/389 387/387/387
f 438/438/438 439/439/439 435/435/435
f 438/438/438 435/435/435 437/437/437
f 422/422/422 424/424/424 431/431/431
f 422/422/422 431/431/431 433/433/433
f 428/428/428 393/393/393 395/395/395
f 428/428/428 395/395/395 398/398/398
f 376/376/376 386/386/386 388/388/388
f 388/388/388 427/427/427 385/385/385
f 388/388/388 385/385/385 376/376/376
f 436/436/436 440/440/440 434/434/434
f 436/436/436 434/434/434 432/432/432
f 430/430/430 429/429/429 409/409/409
f 430/430/430 409/409/409 410/410/410
f 401/401/401 407/407/407 411/411/411
f 401/401/401 411/411/411 418/418/418
o C-Mesh022_2
usemtl Standa4
v -38.6192512512207 17.649084091186523 59.602112770080566
v -33.02928161621094 17.64670753479004 59.59605836868286
v -38.61636543273926 16.84581756591797 59.59960412979126
v -33.03191089630127 16.849985122680664 59.59906721115112
v -33.02832794189453 16.847148895263672 60.996304512023926
v -33.03121280670166 17.65041732788086 60.99881172180176
v -39.082014083862305 17.6423282623291 48.70154571533203
v -25.40990447998047 17.644514083862305 48.69240379333496
v -25.40990447998047 17.644514083862305 48.69240379333496
v -35.605783462524414 3.770174026489258 48.67492866516113
v -35.605783462524414 3.770174026489258 48.67492866516113
v -35.605783462524414 3.770174026489258 48.67492866516113
v -28.817675590515137 3.7712669372558594 48.69414138793945
v -28.817675590515137 3.7712669372558594 48.69414138793945
v -28.817675590515137 3.7712669372558594 48.69414138793945
v -25.41225814819336 15.142353057861328 48.690152168273926
v -25.41225814819336 15.142353057861328 48.690152168273926
v -25.41225814819336 15.142353057861328 48.690152168273926
v -25.411715507507324 17.648286819458008 50.29730987548828
v -25.411715507507324 17.648286819458008 50.29730987548828
v -24.93904733657837 16.870798110961914 57.16688585281372
v -13.053098678588867 16.850345611572266 60.98451900482178
v -13.053098678588867 16.850345611572266 60.98451900482178
v -13.051164627075195 16.853179931640625 59.5872802734375
v -13.051164627075195 16.853179931640625 59.5872802734375
v -22.619020462036133 16.870365142822266 54.5976083278656
v -7.513942718505859 16.850791931152344 59.5812554359436
v -7.513942718505859 16.850791931152344 59.5812554359436
v -7.52009391784668 16.8475284576416 49.158751487731934
v -20.714415550231934 17.649038314819336 50.294538497924805
v -20.714415550231934 17.649038314819336 50.294538497924805
v -20.718119621276855 17.645265579223633 48.69179153442383
v -20.718119621276855 17.645265579223633 48.69179153442383
v -7.0460052490234375 17.647451400756836 48.68372344970703
v -10.519906997680664 3.77419376373291 48.68684673309326
v -10.519906997680664 3.77419376373291 48.68684673309326
v -10.519906997680664 3.77419376373291 48.68684673309326
v -7.0460052490234375 0.0012254714965820312 48.691895484924316
v -7.517467498779297 17.650794982910156 49.15573978424072
v -7.511316299438477 17.65406036376953 59.5837607383728
v -7.511316299438477 17.65406036376953 59.5837607383728
v -13.05405044555664 17.64990234375 59.58427429199219
v -13.05405044555664 17.64990234375 59.58427429199219
v -13.050464630126953 17.65361213684082 60.98702430725098
v -13.050464630126953 17.65361213684082 60.98702430725098
v -18.972307205200195 9.144867897033691 61.468191623687744
v -18.97910213470459 12.092329978942871 61.459927558898926
v -18.963480949401855 10.176886558532715 61.464128494262695
v -35.01695728302002 0.2390127182006836 46.8608341217041
v -35.01695728302002 0.2390127182006836 46.8608341217041
v -35.01695728302002 0.2390127182006836 46.8608341217041
v -32.30029773712158 -0.0033922195434570312 46.85937786102295
v -32.30029773712158 -0.0033922195434570312 46.85937786102295
v -35.01375389099121 -0.003826141357421875 46.86340618133545
v -35.01375389099121 -0.003826141357421875 46.86340618133545
v -32.30021381378174 0.23944664001464844 46.85923194885254
v -32.30021381378174 0.23944664001464844 46.85923194885254
v -32.30021381378174 0.23944664001464844 46.85923194885254
v -35.02004909515381 0.23634815216064453 47.163594245910645
v -35.02004909515381 0.23634815216064453 47.163594245910645
v -35.02004909515381 0.23634815216064453 47.163594245910645
v -32.29676342010498 0.2367839813232422 47.1619873046875
v -32.29676342010498 0.2367839813232422 47.1619873046875
v -32.29676342010498 0.2367839813232422 47.1619873046875
v -35.01573181152344 -0.0032501220703125 48.70234394073486
v -35.01573181152344 -0.0032501220703125 48.70234394073486
v -35.60848617553711 3.5013904571533203 48.6898307800293
v -35.60848617553711 3.5013904571533203 48.6898307800293
v -35.60848617553711 3.5013904571533203 48.6898307800293
v -39.07603740692139 -0.0038976669311523438 48.71065807342529
v -35.016395568847656 3.5014896392822266 48.701884269714355
v -35.016395568847656 3.5014896392822266 48.701884269714355
v -35.016395568847656 3.5014896392822266 48.701884269714355
v -35.01392936706543 3.498061180114746 48.20256519317627
v -35.01392936706543 3.498061180114746 48.20256519317627
v -35.01392936706543 3.498061180114746 48.20256519317627
v -35.01953125 0.8262920379638672 48.20340538024902
v -35.01953125 0.8262920379638672 48.20340538024902
v -35.01953125 0.8262920379638672 48.20340538024902
v -35.019904136657715 0.4329814910888672 47.463531494140625
v -35.019904136657715 0.4329814910888672 47.463531494140625
v -35.019904136657715 0.4329814910888672 47.463531494140625
v -35.01681137084961 0.43564605712890625 47.16077136993408
v -35.01681137084961 0.43564605712890625 47.16077136993408
v -35.01681137084961 0.43564605712890625 47.16077136993408
v -32.300068855285645 0.4360799789428711 47.1591682434082
v -32.300068855285645 0.4360799789428711 47.1591682434082
v -32.300068855285645 0.4360799789428711 47.1591682434082
v -32.29661846160889 0.43341732025146484 47.461923599243164
v -32.29661846160889 0.43341732025146484 47.461923599243164
v -32.29661846160889 0.43341732025146484 47.461923599243164
v -32.29992389678955 0.6327133178710938 47.45910453796387
v -32.29992389678955 0.6327133178710938 47.45910453796387
v -32.29992389678955 0.6327133178710938 47.45910453796387
v -35.01975917816162 0.6296148300170898 47.76346778869629
v -35.01975917816162 0.6296148300170898 47.76346778869629
v -35.01975917816162 0.6296148300170898 47.76346778869629
v -32.30250644683838 0.6300477981567383 47.75583457946777
v -32.30250644683838 0.6300477981567383 47.75583457946777
v -32.30250644683838 0.6300477981567383 47.75583457946777
v -32.30250644683838 0.6300477981567383 47.75583457946777
v -35.016666412353516 0.6322793960571289 47.46070861816406
v -35.016666412353516 0.6322793960571289 47.46070861816406
v -35.016666412353516 0.6322793960571289 47.46070861816406
v -35.016520500183105 0.8289127349853516 47.76064491271973
v -35.016520500183105 0.8289127349853516 47.76064491271973
v -35.016520500183105 0.8289127349853516 47.76064491271973
v -32.30856800079346 0.8265857696533203 47.75577735900879
v -32.30856800079346 0.8265857696533203 47.75577735900879
v -32.30856800079346 0.8265857696533203 47.75577735900879
v -32.30856800079346 0.8265857696533203 47.75577735900879
v -34.534714698791504 0.8175802230834961 48.20036315917969
v -34.534714698791504 0.8175802230834961 48.20036315917969
v -34.534714698791504 0.8175802230834961 48.20036315917969
v -34.53790092468262 3.4981369972229004 48.20228385925293
v -34.53790092468262 3.4981369972229004 48.20228385925293
v -34.53790092468262 3.4981369972229004 48.20228385925293
v -34.53442096710205 0.8292837142944336 48.700358390808105
v -34.53442096710205 0.8292837142944336 48.700358390808105
v -34.53442096710205 0.8292837142944336 48.700358390808105
v -34.53484916687012 3.5015649795532227 48.69952201843262
v -34.53484916687012 3.5015649795532227 48.69952201843262
v -34.53484916687012 3.5015649795532227 48.69952201843262
v -32.311198234558105 3.501920700073242 48.69820976257324
v -32.311198234558105 3.501920700073242 48.69820976257324
v -32.311198234558105 3.501920700073242 48.69820976257324
v -32.31077003479004 0.8296394348144531 48.69904613494873
v -32.31077003479004 0.8296394348144531 48.69904613494873
v -32.31077003479004 0.8296394348144531 48.69904613494873
v -32.30899620056152 3.5043840408325195 47.75493907928467
v -32.30899620056152 3.5043840408325195 47.75493907928467
v -32.30899620056152 3.5043840408325195 47.75493907928467
v -32.30899620056152 3.5043840408325195 47.75493907928467
v -35.60694599151611 3.5010995864868164 47.76015758514404
v -35.60694599151611 3.5010995864868164 47.76015758514404
v -35.60694599151611 3.5010995864868164 47.76015758514404
v -35.60698890686035 3.7726454734802246 47.76007270812988
v -35.60698890686035 3.7726454734802246 47.76007270812988
v -35.60698890686035 3.7726454734802246 47.76007270812988
v -28.815470695495605 3.7737321853637695 47.75606441497803
v -28.815470695495605 3.7737321853637695 47.75606441497803
v -28.815470695495605 3.7737321853637695 47.75606441497803
v -31.782968521118164 3.5044684410095215 47.75463008880615
v -31.782968521118164 3.5044684410095215 47.75463008880615
v -31.782968521118164 3.5044684410095215 47.75463008880615
v -31.782968521118164 3.5044684410095215 47.75463008880615
v -28.81542730331421 3.502185821533203 47.756150245666504
v -28.81542730331421 3.502185821533203 47.756150245666504
v -28.81542730331421 3.502185821533203 47.756150245666504
v -28.81542730331421 3.502185821533203 47.756150245666504
v -28.82096529006958 3.50247859954834 48.69331932067871
v -28.82096529006958 3.50247859954834 48.69331932067871
v -28.82096529006958 3.50247859954834 48.69331932067871
v -25.411619186401367 -0.0017156600952148438 48.69069576263428
v -25.411619186401367 -0.0017156600952148438 48.69069576263428
v -25.41165542602539 0.953333854675293 48.690673828125
v -25.41165542602539 0.953333854675293 48.690673828125
v -25.41165542602539 0.953333854675293 48.690673828125
v -25.41165542602539 0.953333854675293 48.690673828125
v -20.714959144592285 15.142524719238281 48.689300537109375
v -20.714959144592285 15.142524719238281 48.689300537109375
v -20.714959144592285 15.142524719238281 48.689300537109375
v -25.40855836868286 15.145030975341797 50.295334815979004
v -25.40855836868286 15.145030975341797 50.295334815979004
v -20.716773986816406 15.145780563354492 50.29256534576416
v -20.716773986816406 15.145780563354492 50.29256534576416
v -17.305908203125 3.773108959197998 48.69085216522217
v -17.305908203125 3.773108959197998 48.69085216522217
v -17.305908203125 3.773108959197998 48.69085216522217
v -10.517702102661133 3.7766613960266113 47.750121116638184
v -10.517702102661133 3.7766613960266113 47.750121116638184
v -10.517702102661133 3.7766613960266113 47.750121116638184
v -17.309221267700195 3.7755746841430664 47.75412845611572
v -17.309221267700195 3.7755746841430664 47.75412845611572
v -17.309221267700195 3.7755746841430664 47.75412845611572
v -13.81561279296875 3.5073442459106445 47.748878479003906
v -13.81561279296875 3.5073442459106445 47.748878479003906
v -13.81561279296875 3.5073442459106445 47.748878479003906
v -13.81561279296875 3.5073442459106445 47.748878479003906
v -10.517658233642578 3.5051140785217285 47.75020503997803
v -10.517658233642578 3.5051140785217285 47.75020503997803
v -10.517658233642578 3.5051140785217285 47.75020503997803
v -10.519586563110352 3.5054073333740234 48.68748760223389
v -10.519586563110352 3.5054073333740234 48.68748760223389
v -10.519586563110352 3.5054073333740234 48.68748760223389
v -11.106550216674805 0.0005750656127929688 48.691617012023926
v -11.106550216674805 0.0005750656127929688 48.691617012023926
v -11.107664108276367 0.24283885955810547 46.85157775878906
v -11.107664108276367 0.24283885955810547 46.85157775878906
v -11.107664108276367 0.24283885955810547 46.85157775878906
v -11.099388122558594 0 46.85195064544678
v -11.099388122558594 0 46.85195064544678
v -11.10824966430664 0.24293041229248047 47.14527702331543
v -11.10824966430664 0.24293041229248047 47.14527702331543
v -11.10824966430664 0.24293041229248047 47.14527702331543
v -13.824409484863281 0.24240398406982422 46.853179931640625
v -13.824409484863281 0.24240398406982422 46.853179931640625
v -13.824409484863281 0.24240398406982422 46.853179931640625
v -13.824348449707031 -0.00043582916259765625 46.853291511535645
v -13.824348449707031 -0.00043582916259765625 46.853291511535645
v -13.819988250732422 0.24249935150146484 47.154189109802246
v -13.819988250732422 0.24249935150146484 47.154189109802246
v -13.819988250732422 0.24249935150146484 47.154189109802246
v -13.823854446411133 -0.0001544952392578125 47.75321674346924
v -13.823854446411133 -0.0001544952392578125 47.75321674346924
v -28.973796844482422 -0.0024623870849609375 48.12779140472412
v -28.973796844482422 -0.0024623870849609375 48.12779140472412
v -28.971306800842285 3.5024681091308594 48.69760608673096
v -28.971306800842285 3.5024681091308594 48.69760608673096
v -28.971306800842285 3.5024681091308594 48.69760608673096
v -28.954407215118408 -0.00228118896484375 48.697256088256836
v -28.954407215118408 -0.00228118896484375 48.697256088256836
v -28.97443389892578 3.498993396759033 48.109004974365234
v -28.97443389892578 3.498993396759033 48.109004974365234
v -28.97443389892578 3.498993396759033 48.109004974365234
v -28.97443389892578 3.498993396759033 48.109004974365234
v -29.56044912338257 3.4989051818847656 48.10934829711914
v -29.56044912338257 3.4989051818847656 48.10934829711914
v -29.56044912338257 3.4989051818847656 48.10934829711914
v -29.559809684753418 -0.0025615692138671875 48.11039352416992
v -29.559809684753418 -0.0025615692138671875 48.11039352416992
v -32.29952621459961 -0.0031108856201171875 47.75923538208008
v -32.29952621459961 -0.0031108856201171875 47.75923538208008
v -31.779769897460938 -0.0030279159545898438 47.75906753540039
v -31.779769897460938 -0.0030279159545898438 47.75906753540039
v -31.778992652893066 -0.0027332305908203125 48.698927879333496
v -31.778992652893066 -0.0027332305908203125 48.698927879333496
v -31.779653549194336 3.5020055770874023 48.69789695739746
v -31.779653549194336 3.5020055770874023 48.69789695739746
v -31.779653549194336 3.5020055770874023 48.69789695739746
v -29.562861442565918 3.502359390258789 48.69658946990967
v -29.562861442565918 3.502359390258789 48.69658946990967
v -29.562861442565918 3.502359390258789 48.69658946990967
v -29.56221294403076 -0.0023784637451171875 48.69767951965332
v -29.56221294403076 -0.0023784637451171875 48.69767951965332
v -25.410539150238037 0.9532060623168945 49.45249652862549
v -25.410539150238037 0.9532060623168945 49.45249652862549
v -25.410539150238037 0.9532060623168945 49.45249652862549
v -25.410502910614014 -0.0014772415161132812 49.4525203704834
v -25.410502910614014 -0.0014772415161132812 49.4525203704834
v -20.709606170654297 0.9714365005493164 49.44581699371338
v -20.709606170654297 0.9714365005493164 49.44581699371338
v -20.709606170654297 0.9714365005493164 49.44581699371338
v -20.709312438964844 -0.0007266998291015625 49.44543933868408
v -20.709312438964844 -0.0007266998291015625 49.44543933868408
v -20.71072292327881 0.9715652465820312 48.683993339538574
v -20.71072292327881 0.9715652465820312 48.683993339538574
v -20.71072292327881 0.9715652465820312 48.683993339538574
v -20.71072292327881 0.9715652465820312 48.683993339538574
v -20.710430145263672 -0.000965118408203125 48.68361568450928
v -20.710430145263672 -0.000965118408203125 48.68361568450928
v -17.309785842895508 3.504322052001953 48.693894386291504
v -17.309785842895508 3.504322052001953 48.693894386291504
v -17.309785842895508 3.504322052001953 48.693894386291504
v -17.309175491333008 3.504027843475342 47.75421142578125
v -17.309175491333008 3.504027843475342 47.75421142578125
v -17.309175491333008 3.504027843475342 47.75421142578125
v -17.14976692199707 3.50089168548584 48.1068754196167
v -17.14976692199707 3.50089168548584 48.1068754196167
v -17.14976692199707 3.50089168548584 48.1068754196167
v -17.152183532714844 3.504366874694824 48.69410419464111
v -17.152183532714844 3.504366874694824 48.69410419464111
v -17.152183532714844 3.504366874694824 48.69410419464111
v -17.162148475646973 -0.0003986358642578125 48.67954444885254
v -17.162148475646973 -0.0003986358642578125 48.67954444885254
v -17.14922523498535 -0.000576019287109375 48.107829093933105
v -17.14922523498535 -0.000576019287109375 48.107829093933105
v -16.563257217407227 -0.00048160552978515625 48.10750865936279
v -16.563257217407227 -0.00048160552978515625 48.10750865936279
v -16.563737869262695 3.500985622406006 48.10653018951416
v -16.563737869262695 3.500985622406006 48.10653018951416
v -16.563737869262695 3.500985622406006 48.10653018951416
v -16.560078620910645 -0.00029754638671875 48.69483280181885
v -16.560078620910645 -0.00029754638671875 48.69483280181885
v -16.560632705688477 3.504441738128662 48.69376564025879
v -16.560632705688477 3.504441738128662 48.69376564025879
v -16.560632705688477 3.504441738128662 48.69376564025879
v -14.343843460083008 3.504796028137207 48.692458152770996
v -14.343843460083008 3.504796028137207 48.692458152770996
v -14.343843460083008 3.504796028137207 48.692458152770996
v -14.343299865722656 0.000057220458984375 48.69352054595947
v -14.343299865722656 0.000057220458984375 48.69352054595947
v -14.341636657714844 3.507260322570801 47.74918746948242
v -14.341636657714844 3.507260322570801 47.74918746948242
v -14.341636657714844 3.507260322570801 47.74918746948242
v -14.341636657714844 3.507260322570801 47.74918746948242
v -14.34381103515625 -0.00023746490478515625 47.753594398498535
v -14.34381103515625 -0.00023746490478515625 47.753594398498535
v -13.815185546875 0.8295459747314453 47.74971675872803
v -13.815185546875 0.8295459747314453 47.74971675872803
v -13.815185546875 0.8295459747314453 47.74971675872803
v -13.815185546875 0.8295459747314453 47.74971675872803
v -13.812295913696289 3.5048813819885254 48.692145347595215
v -13.812295913696289 3.5048813819885254 48.692145347595215
v -13.812295913696289 3.5048813819885254 48.692145347595215
v -11.586183547973633 3.501810073852539 48.193593978881836
v -11.586183547973633 3.501810073852539 48.193593978881836
v -11.586183547973633 3.501810073852539 48.193593978881836
v -11.588647842407227 3.505237102508545 48.69083309173584
v -11.588647842407227 3.505237102508545 48.69083309173584
v -11.588647842407227 3.505237102508545 48.69083309173584
v -11.588512420654297 0.8212528228759766 48.19167518615723
v -11.588512420654297 0.8212528228759766 48.19167518615723
v -11.588512420654297 0.8212528228759766 48.19167518615723
v -11.588220596313477 0.8329563140869141 48.69166946411133
v -11.588220596313477 0.8329563140869141 48.69166946411133
v -11.588220596313477 0.8329563140869141 48.69166946411133
v -13.811868667602539 0.8326005935668945 48.6929817199707
v -13.811868667602539 0.8326005935668945 48.6929817199707
v -13.811868667602539 0.8326005935668945 48.6929817199707
v -11.107229232788086 0.8327388763427734 47.751389503479004
v -11.107229232788086 0.8327388763427734 47.751389503479004
v -11.107229232788086 0.8327388763427734 47.751389503479004
v -13.82118034362793 0.6330060958862305 47.74978065490723
v -13.82118034362793 0.6330060958862305 47.74978065490723
v -13.82118034362793 0.6330060958862305 47.74978065490723
v -13.82118034362793 0.6330060958862305 47.74978065490723
v -11.107261657714844 0.6361980438232422 47.74676704406738
v -11.107261657714844 0.6361980438232422 47.74676704406738
v -11.107261657714844 0.6361980438232422 47.74676704406738
v -11.10496711730957 0.8328771591186523 48.19331741333008
v -11.10496711730957 0.8328771591186523 48.19331741333008
v -11.10496711730957 0.8328771591186523 48.19331741333008
v -11.110151290893555 3.5018863677978516 48.19331169128418
v -11.110151290893555 3.5018863677978516 48.19331169128418
v -11.110151290893555 3.5018863677978516 48.19331169128418
v -11.107099533081055 3.505314826965332 48.69054889678955
v -11.107099533081055 3.505314826965332 48.69054889678955
v -11.107099533081055 3.505314826965332 48.69054889678955
v -11.103769302368164 0.43956661224365234 47.452768325805664
v -11.103769302368164 0.43956661224365234 47.452768325805664
v -11.103769302368164 0.43956661224365234 47.452768325805664
v -11.107372283935547 0.6361055374145508 47.45145225524902
v -11.107372283935547 0.6361055374145508 47.45145225524902
v -11.107372283935547 0.6361055374145508 47.45145225524902
v -13.824115753173828 0.6356706619262695 47.453054428100586
v -13.824115753173828 0.6356706619262695 47.453054428100586
v -13.824115753173828 0.6356706619262695 47.453054428100586
v -13.819723129272461 0.4391317367553711 47.45148754119873
v -13.819723129272461 0.4391317367553711 47.45148754119873
v -13.819723129272461 0.4391317367553711 47.45148754119873
v -11.107519149780273 0.4394721984863281 47.15151500701904
v -11.107519149780273 0.4394721984863281 47.15151500701904
v -11.107519149780273 0.4394721984863281 47.15151500701904
v -13.824264526367188 0.4390373229980469 47.15311813354492
v -13.824264526367188 0.4390373229980469 47.15311813354492
v -13.824264526367188 0.4390373229980469 47.15311813354492
v -24.93690013885498 16.8699951171875 54.60056734085083
v -24.93690013885498 16.8699951171875 54.60056734085083
v -24.937913417816162 18.75262451171875 57.164146423339844
v -22.62032413482666 17.973756790161133 54.59787154197693
v -24.93595027923584 17.973388671875 54.600831747055054
v -24.93595027923584 17.973388671875 54.600831747055054
vt 0.6264686584472656 0.6636988520622253
vt 0.6264699101448059 0.8190054297447205
vt 0.6088199019432068 0.663750171661377
vt 0.6088239550590515 0.818954586982727
vt 0.6082923412322998 0.5166609883308411
vt 0.6259424686431885 0.5166609883308411
vt 0.6266216039657593 0.013092041015625
vt 0.8648558259010315 0.41973698139190674
vt 0.626614511013031 0.4907076358795166
vt 0.6411005854606628 0.7820948958396912
vt 0.14168387651443481 0.13452452421188354
vt 0.989861249923706 0.8476529717445374
vt 0.6348571181297302 0.8476500511169434
vt 0.9896237850189209 0.7810665965080261
vt 0.14168046414852142 0.37157320976257324
vt 0.9912825226783752 0.4197273850440979
vt 0.5392278432846069 0.4907063841819763
vt 0.8559432625770569 0.7112094163894653
vt 0.8648553490638733 0.3572548031806946
vt 0.8648553490638733 0.3572548031806946
vt 0.5652007460594177 0.32187211513519287
vt 0.608294665813446 0.9823228120803833
vt 0.6090838313102722 0.8862147927284241
vt 0.6079123616218567 0.9809578061103821
vt 0.6090843081474304 0.9364518523216248
vt 0.591196596622467 0.39342498779296875
vt 0.6079126000404358 0.8205204010009766
vt 0.6084209680557251 0.5443052053451538
vt 0.6084228157997131 0.9825788140296936
vt 0.8648573160171509 0.1738300323486328
vt 0.8648573160171509 0.1738300323486328
vt 0.6249709725379944 0.5044516921043396
vt 0.8648570775985718 0.11143231391906738
vt 0.6249639987945557 0.9820674061775208
vt 0.1400299221277237 0.8606210947036743
vt 0.6334912180900574 0.8483075499534607
vt 0.9929700493812561 0.7784795761108398
vt 0.007883735932409763 0.9820584654808044
vt 0.623845636844635 0.9825788140296936
vt 0.6249668002128601 0.8205199241638184
vt 0.6238438487052917 0.5443052053451538
vt 0.6249666213989258 0.9809576272964478
vt 0.6258056163787842 0.9364517331123352
vt 0.6259445548057556 0.9823228120803833
vt 0.6258051991462708 0.8862146735191345
vt 465.68267822265625 359.4032287597656
vt 465.465087890625 475.4456481933594
vt 466.0500183105469 400.0340576171875
vt 0.997887909412384 0.5838669538497925
vt 0.997887909412384 0.5838669538497925
vt 0.9278220534324646 0.8691046237945557
vt 0.8618457913398743 0.8589160442352295
vt 0.8607705235481262 0.5726431608200073
vt 0.9978712201118469 0.5712910890579224
vt 0.9277737736701965 0.8601633310317993
vt 0.861872673034668 0.8675404191017151
vt 0.8608704209327698 0.5849351286888123
vt 0.8608704209327698 0.5849351286888123
vt 0.9980118870735168 0.5990923643112183
vt 0.9980118870735168 0.5990923643112183
vt 0.9383499026298523 0.8690561056137085
vt 0.8512452244758606 0.8675670027732849
vt 0.8609941601753235 0.600100576877594
vt 0.8609941601753235 0.600100576877594
vt 0.009658635593950748 0.15514516830444336
vt 0.993241548538208 0.861970841884613
vt 0.00758439302444458 0.2734309434890747
vt 0.13259358704090118 0.134524405002594
vt 0.9898599982261658 0.8380722999572754
vt 0.009543131105601788 0.01308506727218628
vt 0.007650449872016907 0.2891172170639038
vt 0.1325933188199997 0.1551525592803955
vt 0.9932337403297424 0.9836911559104919
vt 0.023787155747413635 0.2889159917831421
vt 0.9757255911827087 0.9836881756782532
vt 0.9757255911827087 0.9836881756782532
vt 0.9983988404273987 0.6819635033607483
vt 0.9757372140884399 0.8895281553268433
vt 0.9757372140884399 0.8895281553268433
vt 0.9981921315193176 0.6243511438369751
vt 0.9981921315193176 0.6243511438369751
vt 0.9491379261016846 0.8757595419883728
vt 0.998090922832489 0.6090953946113586
vt 0.998090922832489 0.6090953946113586
vt 0.9383556842803955 0.8757213354110718
vt 0.8512704968452454 0.8745463490486145
vt 0.8610723614692688 0.6100090146064758
vt 0.8610723614692688 0.6100090146064758
vt 0.84064120054245 0.8745742440223694
vt 0.8611727356910706 0.6251466274261475
vt 0.8611727356910706 0.6251466274261475
vt 0.840662956237793 0.8815539479255676
vt 0.8612268567085266 0.6350387334823608
vt 0.8612268567085266 0.6350387334823608
vt 0.9983096718788147 0.6496359705924988
vt 0.9983096718788147 0.6496359705924988
vt 0.959201455116272 0.8826911449432373
vt 0.8300315141677856 0.8815791010856628
vt 0.8612897992134094 0.6501736044883728
vt 0.8300315141677856 0.8815791010856628
vt 0.8612897992134094 0.6501736044883728
vt 0.9982467293739319 0.6343735456466675
vt 0.9982467293739319 0.6343735456466675
vt 0.9491022229194641 0.882636308670044
vt 0.9983388781547546 0.6596502065658569
vt 0.9983388781547546 0.6596502065658569
vt 0.9592500925064087 0.8896726369857788
vt 0.8302451372146606 0.8886772394180298
vt 0.8613162636756897 0.6600775122642517
vt 0.8613162636756897 0.6600775122642517
vt 0.8302451372146606 0.8886772394180298
vt 0.9593183398246765 0.8897275328636169
vt 0.9745907187461853 0.6820380687713623
vt 0.9593183398246765 0.8897275328636169
vt 0.02406395971775055 0.3050187826156616
vt 0.959314227104187 0.9836851358413696
vt 0.959314227104187 0.9836851358413696
vt 0.9419357180595398 0.8897318243980408
vt 0.9419357180595398 0.8897318243980408
vt 0.9746575951576233 0.7073707580566406
vt 0.00792934000492096 0.3053717613220215
vt 0.9417715668678284 0.9836851954460144
vt 0.9417715668678284 0.9836851954460144
vt 0.0089760422706604 0.3549284338951111
vt 0.8636987805366516 0.9836893081665039
vt 0.8636987805366516 0.9836893081665039
vt 0.8642033338546753 0.8889293074607849
vt 0.8614426255226135 0.7076798677444458
vt 0.8642033338546753 0.8889293074607849
vt 0.805213987827301 0.8372741937637329
vt 0.8311795592308044 0.9836840629577637
vt 0.03489624708890915 0.35455894470214844
vt 0.8311795592308044 0.9836840629577637
vt 0.03340506553649902 0.2730191946029663
vt 0.6739498972892761 0.8365417122840881
vt 0.9475811719894409 0.8380727767944336
vt 0.6408810019493103 0.8278963565826416
vt 0.6739498972892761 0.8495426774024963
vt 0.9475377798080444 0.8476417660713196
vt 0.6800288558006287 0.8476586937904358
vt 0.9896005392074585 0.8280295729637146
vt 0.9442014098167419 0.8495426774024963
vt 0.8123799562454224 0.9836854934692383
vt 0.8261459469795227 0.8372741937637329
vt 0.8123799562454224 0.9836854934692383
vt 0.008583534508943558 0.6409905552864075
vt 0.1270788013935089 0.6758889555931091
vt 0.13196979463100433 0.6406305432319641
vt 0.6800298690795898 0.8380524516105652
vt 0.9442014098167419 0.8373327851295471
vt 0.12702788412570953 0.6571661829948425
vt 0.6348421573638916 0.8380441069602966
vt 0.13259007036685944 0.3715730905532837
vt 0.9428394436836243 0.02023380994796753
vt 0.008820489048957825 0.4907434582710266
vt 0.8559668660163879 0.047694385051727295
vt 0.942840039730072 0.05802655220031738
vt 0.042270246893167496 0.49074113368988037
vt 0.8558999300003052 0.05540323257446289
vt 0.5375635027885437 0.5044506192207336
vt 0.6389375329017639 0.7111783623695374
vt 0.9913133382797241 0.11143195629119873
vt 0.9913118481636047 0.3572550415992737
vt 0.9913118481636047 0.3572550415992737
vt 0.9913134574890137 0.1738300919532776
vt 0.9913134574890137 0.1738300919532776
vt 0.1400333195924759 0.6235722303390503
vt 0.6355696320533752 0.7785130143165588
vt 0.9884717464447021 0.8483620882034302
vt 0.6757853627204895 0.8483071327209473
vt 0.9929741621017456 0.834163248538971
vt 0.6757853627204895 0.8483071327209473
vt 0.6355732679367065 0.8341965675354004
vt 0.9433016777038574 0.8483273983001709
vt 0.9433016777038574 0.8483273983001709
vt 0.13245198130607605 0.2140723466873169
vt 0.9216892719268799 0.07963931560516357
vt 0.13245198130607605 0.2140723466873169
vt 0.8060218095779419 0.8386785387992859
vt 0.6758047938346863 0.838737964630127
vt 0.9867842197418213 0.07944941520690918
vt 0.6758047938346863 0.838737964630127
vt 0.13093963265419006 0.86062091588974
vt 0.6334899067878723 0.8387267589569092
vt 0.986836314201355 0.09801900386810303
vt 0.008001375012099743 0.8399918675422668
vt 0.8672918677330017 0.005513250827789307
vt 0.9145504236221313 0.012301802635192871
vt 0.8588833808898926 0.43578600883483887
vt 0.8588833808898926 0.43578600883483887
vt 0.9145503044128418 0.005512416362762451
vt 0.8589286208152771 0.42341339588165283
vt 0.9068452715873718 0.012301623821258545
vt 0.8588066101074219 0.451096773147583
vt 0.8588066101074219 0.451096773147583
vt 0.996519148349762 0.4362841844558716
vt 0.996519148349762 0.4362841844558716
vt 0.020304452627897263 0.24472808837890625
vt 0.9965748190879822 0.4236205220222473
vt 0.0117728840559721 0.24472802877426147
vt 0.9964423775672913 0.4515380859375
vt 0.9964423775672913 0.4515380859375
vt 0.020304452627897263 0.23444664478302002
vt 0.01198439672589302 0.21387505531311035
vt 0.01198439672589302 0.21387505531311035
vt 0.6568724513053894 0.8604058623313904
vt 0.6568724513053894 0.8604058623313904
vt 0.13196979463100433 0.6406305432319641
vt 0.6364952921867371 0.9837058782577515
vt 0.132590189576149 0.3661033511161804
vt 0.636542797088623 0.8605542778968811
vt 0.009658650495111942 0.3666772246360779
vt 0.12702788412570953 0.6571661829948425
vt 0.13206849992275238 0.6758286356925964
vt 0.6573736071586609 0.9837051630020142
vt 0.6573736071586609 0.9837051630020142
vt 0.6779367327690125 0.9837023019790649
vt 0.10943044722080231 0.6572157740592957
vt 0.6779367327690125 0.9837023019790649
vt 0.6777670383453369 0.8594107627868652
vt 0.6777670383453369 0.8594107627868652
vt 0.8298673033714294 0.8589486479759216
vt 0.8298673033714294 0.8589486479759216
vt 0.8112531304359436 0.8598494529724121
vt 0.8112531304359436 0.8598494529724121
vt 0.7782135009765625 0.8593390583992004
vt 0.7782135009765625 0.8593390583992004
vt 0.7783920168876648 0.9836909770965576
vt 0.7783920168876648 0.9836909770965576
vt 0.008689643815159798 0.6761893033981323
vt 0.6991978287696838 0.9836990237236023
vt 0.10948678851127625 0.6759364008903503
vt 0.6991978287696838 0.9836990237236023
vt 0.6990191340446472 0.8601201772689819
vt 0.6990191340446472 0.8601201772689819
vt 0.8559609651565552 0.012973666191101074
vt 0.9757751822471619 0.05801975727081299
vt 0.8558999300003052 0.05540323257446289
vt 0.9757747054100037 0.02024155855178833
vt 0.8558970093727112 0.01127845048904419
vt 0.64170902967453 0.013000845909118652
vt 0.6389861702919006 0.05639559030532837
vt -0.015762310475111008 0.053723275661468506
vt 0.6389895081520081 0.011475861072540283
vt -0.01576307788491249 0.021382570266723633
vt 0.6417150497436523 0.0477215051651001
vt 0.041381534188985825 0.5044155120849609
vt 0.6389861702919006 0.05639559030532837
vt -0.04869745299220085 0.05371659994125366
vt 0.007329346612095833 0.5044131278991699
vt -0.04869815334677696 0.021363675594329834
vt 0.13094301521778107 0.6235719919204712
vt 0.00758439302444458 0.2734309434890747
vt 0.9885048866271973 0.8387449383735657
vt 0.03340506553649902 0.2730191946029663
vt 0.9433026909828186 0.838720977306366
vt 0.9433026909828186 0.838720977306366
vt 0.023787155747413635 0.277560293674469
vt 0.13299517333507538 0.8083288669586182
vt 0.13299517333507538 0.8098500967025757
vt 0.13094288110733032 0.6290417909622192
vt 0.007650449872016907 0.2777615189552307
vt 0.1329950988292694 0.8312399387359619
vt 0.008005326613783836 0.6286707520484924
vt 0.0055186073295772076 0.8306735754013062
vt 0.005403853952884674 0.8090879917144775
vt 0.005403853952884674 0.8090879917144775
vt 0.008503870107233524 0.7085884213447571
vt 0.0054016076028347015 0.7894308567047119
vt 0.02406395971775055 0.29366302490234375
vt 0.1360975205898285 0.7085889577865601
vt 0.13299526274204254 0.7894313335418701
vt 0.008620846085250378 0.6871989965438843
vt 0.007243560627102852 0.709192156791687
vt 0.00792934000492096 0.2940160036087036
vt 0.13609759509563446 0.6871993541717529
vt 0.1347203105688095 0.7091917395591736
vt 0.0089760422706604 0.3549284338951111
vt 0.13472045958042145 0.7899777889251709
vt 0.1328398585319519 0.1638500690460205
vt 0.007243633735924959 0.7899782657623291
vt 0.011789671145379543 0.1629326343536377
vt 0.03489624708890915 0.35455894470214844
vt 0.13258808851242065 0.1961953043937683
vt 0.8263439536094666 0.8386793732643127
vt 0.13258808851242065 0.1961953043937683
vt 0.011816788464784622 0.19594299793243408
vt 0.011816788464784622 0.19594299793243408
vt 0.9962485432624817 0.5119295716285706
vt 0.040435828268527985 0.21398866176605225
vt 0.040435828268527985 0.21398866176605225
vt 0.9962485432624817 0.5119295716285706
vt 0.1322505623102188 0.2464076280593872
vt 0.921745240688324 0.09820914268493652
vt 0.1322505623102188 0.2464076280593872
vt 0.13181248307228088 0.3405260443687439
vt 0.9658701419830322 0.08819925785064697
vt 0.13181248307228088 0.3405260443687439
vt 0.9658998847007751 0.0980757474899292
vt 0.1318752020597458 0.32333022356033325
vt 0.1318752020597458 0.32333022356033325
vt 0.8825562000274658 0.5344730019569397
vt 0.03941638767719269 0.34016555547714233
vt 0.03941638767719269 0.34016555547714233
vt 0.8825943470001221 0.5599120259284973
vt 0.03947925567626953 0.32291197776794434
vt 0.03947925567626953 0.32291197776794434
vt 0.9963179230690002 0.559741735458374
vt 0.04026661068201065 0.2462378740310669
vt 0.04026661068201065 0.2462378740310669
vt 0.8586122989654541 0.5120856165885925
vt 0.8914348483085632 0.028783679008483887
vt 0.8586122989654541 0.5120856165885925
vt 0.9962506890296936 0.5019586086273193
vt 0.03377460688352585 0.21389144659042358
vt 0.9962506890296936 0.5019586086273193
vt 0.03377460688352585 0.21389144659042358
vt 0.891434907913208 0.02328968048095703
vt 0.8586139678955078 0.5020008683204651
vt 0.8586139678955078 0.5020008683204651
vt 0.8586434125900269 0.534508466720581
vt 0.03936069458723068 0.35636019706726074
vt 0.880133867263794 0.028783857822418213
vt 0.1317569464445114 0.3567003607749939
vt 0.880133867263794 0.10380691289901733
vt 0.9751540422439575 0.08817315101623535
vt 0.13093985617160797 0.8399926424026489
vt 0.8672919869422913 0.10380685329437256
vt 0.9751808643341064 0.09805071353912354
vt 0.8991400599479675 0.017795681953430176
vt 0.8586783409118652 0.4765303134918213
vt 0.8586783409118652 0.4765303134918213
vt 0.8991401195526123 0.023289859294891357
vt 0.8586369752883911 0.4866355061531067
vt 0.8586369752883911 0.4866355061531067
vt 0.9962733387947083 0.4867280125617981
vt 0.9962733387947083 0.4867280125617981
vt 0.033775828778743744 0.2241654396057129
vt 0.9963145852088928 0.47675901651382446
vt 0.9963145852088928 0.47675901651382446
vt 0.027040140703320503 0.2241654396057129
vt 0.9068452715873718 0.01779574155807495
vt 0.8587448596954346 0.46117103099823
vt 0.8587448596954346 0.46117103099823
vt 0.9963815808296204 0.46152055263519287
vt 0.9963815808296204 0.46152055263519287
vt 0.027040140703320503 0.23444664478302002
vt 0.5915808081626892 0.3225318193435669
vt 0.5651003122329712 0.39981359243392944
vt 0.6225883364677429 0.3219684362411499
vt 0.6245511174201965 0.3937685489654541
vt 0.625217616558075 0.32315075397491455
vt 0.5987371206283569 0.4004325270652771
vn -0.000599999920134318 -0.000299999960067159 -0.9999997750000346
vn -0.000599999920134318 -0.000299999960067159 -0.9999997750000346
vn -0.000599999920134318 -0.000299999960067159 -0.9999997750000346
vn -0.000599999920134318 -0.000299999960067159 -0.9999997750000346
vn -0.0005999970147965436 0.0030999845570462542 -0.9999950150372392
vn -0.0005999970147965436 0.0030999845570462542 -0.9999950150372392
vn -0.0011999991823974684 0.0002999997955993671 -0.9999992350007498
vn 0.999999800000037 0.00019999994968561072 -0.0005999999218164023
vn -0.0011999991823974684 0.0002999997955993671 -0.9999992350007498
vn -0.000199999264163399 0.999996335019663 0.002699990284484596
vn -0.0011999991823974684 0.0002999997955993671 -0.9999992350007498
vn -0.9999879752156094 0.004899941341561954 -0.00019999758766239123
vn 0.9999735960441939 -0.005999841840760759 0.004099891746016369
vn -0.000199999264163399 0.999996335019663 0.002699990284484596
vn -0.0011999991823974684 0.0002999997955993671 -0.9999992350007498
vn 0.999999800000037 0.00019999994968561072 -0.0005999999218164023
vn -0.0010999992636994025 0.00019999987274167084 -0.9999993750006401
vn -0.0010999992636994025 0.00019999987274167084 -0.9999993750006401
vn 0.999999800000037 0.00019999994968561072 -0.0005999999218164023
vn -0.0005999997235626993 0.0007999995538067197 -0.9999995000003978
vn -0.999999350000647 0.0006999995298198957 -0.0008999994121134824
vn -0.0005999970147965436 0.0030999845570462542 -0.9999950150372392
vn -0.999999800000037 -0.00019999994968561072 0.0005999999218164023
vn -0.000599999920134318 -0.000299999960067159 -0.9999997750000346
vn -0.999999800000037 -0.00019999994968561072 0.0005999999218164023
vn -0.001299998916107053 0.0001999998287697267 -0.9999991350010692
vn -0.000599999920134318 -0.000299999960067159 -0.9999997750000346
vn -0.9999943750471951 0.0032999815155143096 0.0005999966391844199
vn -0.9999943750471951 0.0032999815155143096 0.0005999966391844199
vn -0.0005999997235626993 0.0007999995538067197 -0.9999995000003978
vn -0.999999800000037 -0.00019999994968561072 0.0005999999218164023
vn 0 0 -1
vn -0.999999800000037 -0.00019999994968561072 0.0005999999218164023
vn 0 0 -1
vn 0 0 -1
vn 0.9999973350108281 0.0006999980827260468 0.0021999940740664186
vn -0.0001999993131349279 0.9999966000171573 0.00259999123082512
vn 0 0 -1
vn -0.9999943750471951 0.0032999815155143096 0.0005999966391844199
vn -0.000599999920134318 -0.000299999960067159 -0.9999997750000346
vn -0.9999943750471951 0.0032999815155143096 0.0005999966391844199
vn -0.000599999920134318 -0.000299999960067159 -0.9999997750000346
vn -0.999999800000037 -0.00019999994968561072 0.0005999999218164023
vn -0.0005999970147965436 0.0030999845570462542 -0.9999950150372392
vn -0.999999800000037 -0.00019999994968561072 0.0005999999218164023
vn 0.001499998305052284 0 0.9999988750019095
vn 0.00029999999474923536 0.00019999998194757598 0.9999999350000031
vn 0.06779976959585006 0.0021999923129066156 0.9976965226342994
vn -0.0001999922543826543 0.9999612622507997 0.008799659134629129
vn -0.0009999838958320525 -0.00559990897846925 -0.9999838203949305
vn -0.9999972800110112 -0.0019999945507087964 0.0011999968235575373
vn 0.9999943500479582 -0.00129999260812369 0.003099982480678322
vn -0.0009999838958320525 -0.00559990897846925 -0.9999838203949305
vn -0.0009999838958320525 -0.00559990897846925 -0.9999838203949305
vn -0.9999972800110112 -0.0019999945507087964 0.0011999968235575373
vn 0.9999943500479582 -0.00129999260812369 0.003099982480678322
vn -0.0001999922543826543 0.9999612622507997 0.008799659134629129
vn -0.0009999838958320525 -0.00559990897846925 -0.9999838203949305
vn -0.0001999922543826543 0.9999612622507997 0.008799659134629129
vn -0.0005999994256427681 -0.014199985630776728 -0.9998989951033929
vn -0.9999972800110112 -0.0019999945507087964 0.0011999968235575373
vn 0.9999943500479582 -0.00129999260812369 0.003099982480678322
vn -0.0001999922543826543 0.9999612622507997 0.008799659134629129
vn -0.0005999994256427681 -0.014199985630776728 -0.9998989951033929
vn -0.0011999991823974684 0.0002999997955993671 -0.9999992350007498
vn -0.9999972800110112 -0.0019999945507087964 0.0011999968235575373
vn 0.000599998973647154 -0.9999982000049572 -0.001799996688110821
vn -0.0011999991823974684 0.0002999997955993671 -0.9999992350007498
vn -0.9999879752156094 0.004899941341561954 -0.00019999758766239123
vn -0.0011999991823974684 0.0002999997955993671 -0.9999992350007498
vn 0.000599998973647154 -0.9999982000049572 -0.001799996688110821
vn -0.0011999991823974684 0.0002999997955993671 -0.9999992350007498
vn -0.9999972800110112 -0.0019999945507087964 0.0011999968235575373
vn 0.000599998973647154 -0.9999982000049572 -0.001799996688110821
vn -0.003499978691998828 0.00019999875953263918 -0.9999938550559457
vn -0.9999972800110112 -0.0019999945507087964 0.0011999968235575373
vn -0.0010999991976995368 0.9999993150007594 -0.0003999997214833897
vn -0.003499978691998828 0.00019999875953263918 -0.9999938550559457
vn -0.9999972800110112 -0.0019999945507087964 0.0011999968235575373
vn -0.0001999922543826543 0.9999612622507997 0.008799659134629129
vn -0.0005999994256427681 -0.014199985630776728 -0.9998989951033929
vn -0.9999972800110112 -0.0019999945507087964 0.0011999968235575373
vn -0.0001999922543826543 0.9999612622507997 0.008799659134629129
vn -0.0005999994256427681 -0.014199985630776728 -0.9998989951033929
vn -0.9999972800110112 -0.0019999945507087964 0.0011999968235575373
vn 0.9999943500479582 -0.00129999260812369 0.003099982480678322
vn -0.0001999922543826543 0.9999612622507997 0.008799659134629129
vn -0.0005999994256427681 -0.014199985630776728 -0.9998989951033929
vn 0.9999943500479582 -0.00129999260812369 0.003099982480678322
vn -0.0001999922543826543 0.9999612622507997 0.008799659134629129
vn -0.0005999994256427681 -0.014199985630776728 -0.9998989951033929
vn 0.9999943500479582 -0.00129999260812369 0.003099982480678322
vn -0.0000999960363366018 0.9999603923534323 0.008899647474064154
vn -0.0005999994256427681 -0.014199985630776728 -0.9998989951033929
vn -0.0000999960363366018 0.9999603923534323 0.008899647474064154
vn -0.0022999325733733204 -0.007299786297442222 -0.9999707112861704
vn -0.9999972800110112 -0.0019999945507087964 0.0011999968235575373
vn 0.0005999968524354081 -0.003199982980158212 -0.9999947000423071
vn 0.0005999968524354081 -0.003199982980158212 -0.9999947000423071
vn 0.9999943500479582 -0.00129999260812369 0.003099982480678322
vn -0.0000999960363366018 0.9999603923534323 0.008899647474064154
vn -0.0000999960363366018 0.9999603923534323 0.008899647474064154
vn -0.0005999994256427681 -0.014199985630776728 -0.9998989951033929
vn -0.9999972800110112 -0.0019999945507087964 0.0011999968235575373
vn -0.0010999991976995368 0.9999993150007594 -0.0003999997214833897
vn -0.0022999325733733204 -0.007299786297442222 -0.9999707112861704
vn -0.9999972800110112 -0.0019999945507087964 0.0011999968235575373
vn 0.0005999966391844199 -0.0032999815155143096 -0.9999943750471951
vn 0.0005999966391844199 -0.0032999815155143096 -0.9999943750471951
vn -0.0010999991976995368 0.9999993150007594 -0.0003999997214833897
vn -0.9999973350105865 -0.00019999946260161833 -0.0022999938999541413
vn 0.999993975054296 0.0006999957389521135 -0.0033999795695738412
vn -0.0010999991976995368 0.9999993150007594 -0.0003999997214833897
vn -0.003499978691998828 0.00019999875953263918 -0.9999938550559457
vn 0.000599998973647154 -0.9999982000049572 -0.001799996688110821
vn 0.999993975054296 0.0006999957389521135 -0.0033999795695738412
vn -0.003499978691998828 0.00019999875953263918 -0.9999938550559457
vn 0.999993975054296 0.0006999957389521135 -0.0033999795695738412
vn -0.000599999920134318 -0.000299999960067159 -0.9999997750000346
vn -0.0010999991976995368 0.9999993150007594 -0.0003999997214833897
vn 0.000599998973647154 -0.9999982000049572 -0.001799996688110821
vn 0.999993975054296 0.0006999957389521135 -0.0033999795695738412
vn -0.000599999920134318 -0.000299999960067159 -0.9999997750000346
vn 0.000599998973647154 -0.9999982000049572 -0.001799996688110821
vn -0.000599999920134318 -0.000299999960067159 -0.9999997750000346
vn -0.9999973350105865 -0.00019999946260161833 -0.0022999938999541413
vn -0.000599999920134318 -0.000299999960067159 -0.9999997750000346
vn -0.0010999991976995368 0.9999993150007594 -0.0003999997214833897
vn -0.9999973350105865 -0.00019999946260161833 -0.0022999938999541413
vn 0.0002999979551403029 0.0036999744793241468 -0.999993110071304
vn 0.0002999979551403029 0.0036999744793241468 -0.999993110071304
vn 0.000599998973647154 -0.9999982000049572 -0.001799996688110821
vn -0.9999973350105865 -0.00019999946260161833 -0.0022999938999541413
vn 0.000599998973647154 -0.9999982000049572 -0.001799996688110821
vn -0.0005999883926547106 0.00619987996041925 -0.9999806005630335
vn -0.9999879752156094 0.004899941341561954 -0.00019999758766239123
vn -0.000199999264163399 0.999996335019663 0.002699990284484596
vn -0.0005999883926547106 0.00619987996041925 -0.9999806005630335
vn -0.9999879752156094 0.004899941341561954 -0.00019999758766239123
vn 0.9999735960441939 -0.005999841840760759 0.004099891746016369
vn -0.000199999264163399 0.999996335019663 0.002699990284484596
vn -0.0005999883926547106 0.00619987996041925 -0.9999806005630335
vn 0.0002999979551403029 0.0036999744793241468 -0.999993110071304
vn 0.0002999979551403029 0.0036999744793241468 -0.999993110071304
vn 0.9999974550099213 0.0004999987223826867 -0.002199994308634631
vn -0.0010999961216302703 -0.9999965150181973 -0.002399991665100937
vn 0.0026999886845142733 -0.9999957500266152 -0.0010999953684289053
vn 0.0026999886845142733 -0.9999957500266152 -0.0010999953684289053
vn 0.9999735960441939 -0.005999841840760759 0.004099891746016369
vn -0.0005999883926547106 0.00619987996041925 -0.9999806005630335
vn 0.013200129258120181 -0.9999097491602575 0.002500024367816996
vn 0.9999735960441939 -0.005999841840760759 0.004099891746016369
vn -0.0011999991823974684 0.0002999997955993671 -0.9999992350007498
vn 0.9999988750019095 0 -0.001499998305052284
vn -0.0011999991823974684 0.0002999997955993671 -0.9999992350007498
vn 0.0038999701093604977 -0.9999923750878099 -0.00019999846789294426
vn 0.9999988750019095 0 -0.001499998305052284
vn -0.0010999992636994025 0.00019999987274167084 -0.9999993750006401
vn -0.0010999992636994025 0.00019999987274167084 -0.9999993750006401
vn -0.0002999999992492346 0.00009999999247378762 -0.9999999499999997
vn -0.0002999999992492346 0.00009999999247378762 -0.9999999499999997
vn -0.999999800000037 -0.00019999994968561072 0.0005999999218164023
vn 0.999999800000037 0.00019999994968561072 -0.0005999999218164023
vn -0.0005999997235626993 0.0007999995538067197 -0.9999995000003978
vn -0.0005999997235626993 0.0007999995538067197 -0.9999995000003978
vn -0.999999800000037 -0.00019999994968561072 0.0005999999218164023
vn 0 0 -1
vn -0.0001999993131349279 0.9999966000171573 0.00259999123082512
vn -0.9999738160280053 0.007099814165324406 0.0013999632876774443
vn 0.9999973350108281 0.0006999980827260468 0.0021999940740664186
vn -0.0001999993131349279 0.9999966000171573 0.00259999123082512
vn -0.0005999883926547106 0.00619987996041925 -0.9999806005630335
vn -0.0001999993131349279 0.9999966000171573 0.00259999123082512
vn -0.0005999883926547106 0.00619987996041925 -0.9999806005630335
vn -0.9999738160280053 0.007099814165324406 0.0013999632876774443
vn 0.9999938550559457 0.00019999875953263918 -0.003499978691998828
vn -0.00029999952066440846 -0.9999983350042488 -0.0017999969493634673
vn -0.0014999880479369726 0.0036999704949614676 -0.9999920300953365
vn -0.0014999880479369726 0.0036999704949614676 -0.9999920300953365
vn 0.9999973350108281 0.0006999980827260468 0.0021999940740664186
vn -0.00029999952066440846 -0.9999983350042488 -0.0017999969493634673
vn -0.0005999883926547106 0.00619987996041925 -0.9999806005630335
vn 0 0 -1
vn 0.9999973350108281 0.0006999980827260468 0.0021999940740664186
vn -0.00029999952066440846 -0.9999983350042488 -0.0017999969493634673
vn 0 0 -1
vn 0.9999950700361153 0.0030999848236552556 -0.0004999975578354598
vn 0.9999950700361153 0.0030999848236552556 -0.0004999975578354598
vn -0.00019999998194757598 0.9999999350000031 -0.00029999999474923536
vn -0.0004999997182338987 -0.0009999994364677973 -0.9999993750005091
vn 0.9999950700361153 0.0030999848236552556 -0.0004999975578354598
vn -0.0004999997182338987 -0.0009999994364677973 -0.9999993750005091
vn 0.9999950700361153 0.0030999848236552556 -0.0004999975578354598
vn -0.00019999998194757598 0.9999999350000031 -0.00029999999474923536
vn -0.0019000235532913145 0.013100162185423224 -0.9999123839923238
vn -0.00019999998194757598 0.9999999350000031 -0.00029999999474923536
vn -0.0004999997182338987 -0.0009999994364677973 -0.9999993750005091
vn -0.9999909351244649 0.004199961645145749 0.0006999936269268451
vn -0.0004999997182338987 -0.0009999994364677973 -0.9999993750005091
vn -0.9999909351244649 0.004199961645145749 0.0006999936269268451
vn -0.00019999998194757598 0.9999999350000031 -0.00029999999474923536
vn -0.0019000235532913145 0.013100162185423224 -0.9999123839923238
vn -0.9999909351244649 0.004199961645145749 0.0006999936269268451
vn -0.0031999812968898584 -0.0011999930736451884 -0.999994160051109
vn -0.9999909351244649 0.004199961645145749 0.0006999936269268451
vn 0.014599847654221813 -0.0027999705724970256 -0.9998894962010887
vn 0.9998086733781341 0.002500021608092307 -0.019400168293469206
vn 0.013200129258120181 -0.9999097491602575 0.002500024367816996
vn 0.9998086733781341 0.002500021608092307 -0.019400168293469206
vn -0.0011999991823974684 0.0002999997955993671 -0.9999992350007498
vn 0.9998086733781341 0.002500021608092307 -0.019400168293469206
vn -0.0011999991823974684 0.0002999997955993671 -0.9999992350007498
vn 0.007199812598695058 -0.9999740010154601 0.00039998959528390996
vn 0.007199812598695058 -0.9999740010154601 0.00039998959528390996
vn 0.014599847654221813 -0.0027999705724970256 -0.9998894962010887
vn 0.9998086733781341 0.002500021608092307 -0.019400168293469206
vn 0.014599847654221813 -0.0027999705724970256 -0.9998894962010887
vn -0.0010999961216302703 -0.9999965150181973 -0.002399991665100937
vn -0.9999915751054876 -0.00019999830542847578 -0.004099965697841175
vn 0.014599847654221813 -0.0027999705724970256 -0.9998894962010887
vn -0.9999915751054876 -0.00019999830542847578 -0.004099965697841175
vn 0.0019999945507087964 -0.0011999968235575373 -0.9999972800110112
vn 0.9999943500479582 -0.00129999260812369 0.003099982480678322
vn 0.0019999945507087964 -0.0011999968235575373 -0.9999972800110112
vn 0.9999974550099213 0.0004999987223826867 -0.002199994308634631
vn 0.9999974550099213 0.0004999987223826867 -0.002199994308634631
vn -0.000599999920134318 -0.000299999960067159 -0.9999997750000346
vn 0.9999974550099213 0.0004999987223826867 -0.002199994308634631
vn -0.000599999920134318 -0.000299999960067159 -0.9999997750000346
vn -0.0010999961216302703 -0.9999965150181973 -0.002399991665100937
vn -0.000599999920134318 -0.000299999960067159 -0.9999997750000346
vn -0.0010999961216302703 -0.9999965150181973 -0.002399991665100937
vn -0.9999915751054876 -0.00019999830542847578 -0.004099965697841175
vn -0.000599999920134318 -0.000299999960067159 -0.9999997750000346
vn -0.9999915751054876 -0.00019999830542847578 -0.004099965697841175
vn 0.0038999701093604977 -0.9999923750878099 -0.00019999846789294426
vn 0.9999988750019095 0 -0.001499998305052284
vn -0.0014999982750523893 0.00019999976224596434 -0.9999988550019796
vn 0.9999988750019095 0 -0.001499998305052284
vn -0.0014999982750523893 0.00019999976224596434 -0.9999988550019796
vn 0.0038999701093604977 -0.9999923750878099 -0.00019999846789294426
vn -0.0014999982750523893 0.00019999976224596434 -0.9999988550019796
vn -0.9999988300019641 -0.00029999967163172827 0.0014999982999509792
vn -0.0014999982750523893 0.00019999976224596434 -0.9999988550019796
vn -0.9999988300019641 -0.00029999967163172827 0.0014999982999509792
vn 0.0038999701093604977 -0.9999923750878099 -0.00019999846789294426
vn -0.0002999999992492346 0.00009999999247378762 -0.9999999499999997
vn -0.0002999999992492346 0.00009999999247378762 -0.9999999499999997
vn -0.9999988300019641 -0.00029999967163172827 0.0014999982999509792
vn 0 0 -1
vn -0.9999988300019641 -0.00029999967163172827 0.0014999982999509792
vn 0 0 -1
vn 0.0006999982409550491 -0.9999975500094342 -0.00209999466465749
vn -0.9999738160280053 0.007099814165324406 0.0013999632876774443
vn 0.0006999982409550491 -0.9999975500094342 -0.00209999466465749
vn -0.0005999883926547106 0.00619987996041925 -0.9999806005630335
vn -0.9999738160280053 0.007099814165324406 0.0013999632876774443
vn 0.0006999982409550491 -0.9999975500094342 -0.00209999466465749
vn -0.000599999920134318 -0.000299999960067159 -0.9999997750000346
vn -0.9999118940205864 0.001400016583030478 -0.01320015718582537
vn 0 0 -1
vn 0.0006999982409550491 -0.9999975500094342 -0.00209999466465749
vn -0.9999118940205864 0.001400016583030478 -0.01320015718582537
vn 0 0 -1
vn -0.9999118940205864 0.001400016583030478 -0.01320015718582537
vn -0.000599999920134318 -0.000299999960067159 -0.9999997750000346
vn -0.9999118940205864 0.001400016583030478 -0.01320015718582537
vn 0.9999859502966694 0.00009999859491325161 -0.005299925428538927
vn -0.000599999920134318 -0.000299999960067159 -0.9999997750000346
vn 0.0006999982409550491 -0.9999975500094342 -0.00209999466465749
vn 0.9999859502966694 0.00009999859491325161 -0.005299925428538927
vn -0.000599999920134318 -0.000299999960067159 -0.9999997750000346
vn 0.9999859502966694 0.00009999859491325161 -0.005299925428538927
vn -0.000599999920134318 -0.000299999960067159 -0.9999997750000346
vn 0.0006999982409550491 -0.9999975500094342 -0.00209999466465749
vn 0.9999859502966694 0.00009999859491325161 -0.005299925428538927
vn -0.000599999920134318 -0.000299999960067159 -0.9999997750000346
vn 0.0006999982409550491 -0.9999975500094342 -0.00209999466465749
vn -0.000599999920134318 -0.000299999960067159 -0.9999997750000346
vn -0.9999995750003108 0.0001999999087136352 -0.0008999995746594441
vn -0.000599999920134318 -0.000299999960067159 -0.9999997750000346
vn -0.9999995750003108 0.0001999999087136352 -0.0008999995746594441
vn 0.0006999982409550491 -0.9999975500094342 -0.00209999466465749
vn -0.0014999880479369726 0.0036999704949614676 -0.9999920300953365
vn -0.0014999880479369726 0.0036999704949614676 -0.9999920300953365
vn -0.9999995750003108 0.0001999999087136352 -0.0008999995746594441
vn -0.0031999812968898584 -0.0011999930736451884 -0.999994160051109
vn -0.9999995750003108 0.0001999999087136352 -0.0008999995746594441
vn 0.000499999842939775 0.9999996300001964 -0.000699999733549557
vn 0.9999938550559457 0.00019999875953263918 -0.003499978691998828
vn -0.002199984025823637 0.00309997764968148 -0.9999927750783291
vn -0.002199984025823637 0.00309997764968148 -0.9999927750783291
vn 0.9999938550559457 0.00019999875953263918 -0.003499978691998828
vn -0.00029999952066440846 -0.9999983350042488 -0.0017999969493634673
vn -0.000599999920134318 -0.000299999960067159 -0.9999997750000346
vn 0.0013999985206589668 0.0003999995690157541 -0.9999989400016817
vn -0.00029999952066440846 -0.9999983350042488 -0.0017999969493634673
vn -0.9999975000095774 0.00039999900172677774 -0.0021999944076338705
vn -0.00029999952066440846 -0.9999983350042488 -0.0017999969493634673
vn -0.000599999920134318 -0.000299999960067159 -0.9999997750000346
vn -0.9999975000095774 0.00039999900172677774 -0.0021999944076338705
vn 0.000499999842939775 0.9999996300001964 -0.000699999733549557
vn 0.0013999985206589668 0.0003999995690157541 -0.9999989400016817
vn -0.9999975000095774 0.00039999900172677774 -0.0021999944076338705
vn 0.000499999842939775 0.9999996300001964 -0.000699999733549557
vn -0.000599999920134318 -0.000299999960067159 -0.9999997750000346
vn -0.9999975000095774 0.00039999900172677774 -0.0021999944076338705
vn 0.000499999842939775 0.9999996300001964 -0.000699999733549557
vn 0.9999938550559457 0.00019999875953263918 -0.003499978691998828
vn -0.000599999920134318 -0.000299999960067159 -0.9999997750000346
vn 0.000499999842939775 0.9999996300001964 -0.000699999733549557
vn 0.9999950700361153 0.0030999848236552556 -0.0004999975578354598
vn -0.00030000982871494113 0.011600379151126904 -0.9999326683320496
vn -0.0006999933469427632 0.9999905101345409 0.004299959322473561
vn -0.00219998484134998 0.002999979286780765 -0.9999930800715456
vn -0.00219998484134998 0.002999979286780765 -0.9999930800715456
vn -0.9999909351244649 0.004199961645145749 0.0006999936269268451
vn 0.9999950700361153 0.0030999848236552556 -0.0004999975578354598
vn -0.00030000982871494113 0.011600379151126904 -0.9999326683320496
vn -0.0006999933469427632 0.9999905101345409 0.004299959322473561
vn 0.000499999842939775 0.9999996300001964 -0.000699999733549557
vn 0.0013999985206589668 0.0003999995690157541 -0.9999989400016817
vn 0.9999950700361153 0.0030999848236552556 -0.0004999975578354598
vn 0.0013999985206589668 0.0003999995690157541 -0.9999989400016817
vn 0.9999950700361153 0.0030999848236552556 -0.0004999975578354598
vn -0.00029999952066440846 -0.9999983350042488 -0.0017999969493634673
vn 0 0 -1
vn 0.9999950700361153 0.0030999848236552556 -0.0004999975578354598
vn -0.00029999952066440846 -0.9999983350042488 -0.0017999969493634673
vn 0.9999950700361153 0.0030999848236552556 -0.0004999975578354598
vn -0.00009999997634280427 0.000599999930816397 -0.9999998150000269
vn -0.00019999998194757598 0.9999999350000031 -0.00029999999474923536
vn 0.9999950700361153 0.0030999848236552556 -0.0004999975578354598
vn -0.00009999997634280427 0.000599999930816397 -0.9999998150000269
vn -0.0006999933469427632 0.9999905101345409 0.004299959322473561
vn -0.00009999997634280427 0.000599999930816397 -0.9999998150000269
vn -0.0006999933469427632 0.9999905101345409 0.004299959322473561
vn -0.9999909351244649 0.004199961645145749 0.0006999936269268451
vn -0.00009999997634280427 0.000599999930816397 -0.9999998150000269
vn -0.00019999998194757598 0.9999999350000031 -0.00029999999474923536
vn -0.9999909351244649 0.004199961645145749 0.0006999936269268451
vn 0.9999950700361153 0.0030999848236552556 -0.0004999975578354598
vn -0.00019999998194757598 0.9999999350000031 -0.00029999999474923536
vn -0.0019000235532913145 0.013100162185423224 -0.9999123839923238
vn -0.00019999998194757598 0.9999999350000031 -0.00029999999474923536
vn -0.0019000235532913145 0.013100162185423224 -0.9999123839923238
vn -0.9999909351244649 0.004199961645145749 0.0006999936269268451
vn -0.001299998916107053 0.0001999998287697267 -0.9999991350010692
vn -0.999999350000647 0.0006999995298198957 -0.0008999994121134824
vn -0.999999350000647 0.0006999995298198957 -0.0008999994121134824
vn -0.001299998916107053 0.0001999998287697267 -0.9999991350010692
vn -0.001299998916107053 0.0001999998287697267 -0.9999991350010692
vn -0.999999350000647 0.0006999995298198957 -0.0008999994121134824
f 636/636/636 641/641/641 634/634/634
f 636/636/636 634/634/634 629/629/629
f 587/587/587 591/591/591 648/648/648
f 587/587/587 648/648/648 654/654/654
f 580/580/580 453/453/453 592/592/592
f 580/580/580 592/592/592 589/589/589
f 464/464/464 482/482/482 480/480/480
f 464/464/464 480/480/480 467/467/467
f 711/711/711 716/716/716 713/713/713
f 711/711/711 713/713/713 708/708/708
f 610/610/610 476/476/476 624/624/624
f 610/610/610 624/624/624 620/620/620
f 764/764/764 762/762/762 743/743/743
f 764/764/764 743/743/743 736/736/736
f 497/497/497 489/489/489 499/499/499
f 497/497/497 499/499/499 503/503/503
f 566/566/566 573/573/573 551/551/551
f 566/566/566 551/551/551 569/569/569
f 442/442/442 444/444/444 443/443/443
f 442/442/442 443/443/443 441/441/441
f 527/527/527 523/523/523 520/520/520
f 527/527/527 520/520/520 530/530/530
f 661/661/661 675/675/675 673/673/673
f 661/661/661 673/673/673 659/659/659
f 733/733/733 749/749/749 730/730/730
f 733/733/733 730/730/730 616/616/616
f 783/783/783 785/785/785 780/780/780
f 783/783/783 780/780/780 772/772/772
f 581/581/581 577/577/577 450/450/450
f 581/581/581 450/450/450 454/454/454
f 775/775/775 777/777/777 754/754/754
f 775/775/775 754/754/754 760/760/760
f 585/585/585 668/668/668 666/666/666
f 585/585/585 666/666/666 665/665/665
f 518/518/518 515/515/515 557/557/557
f 518/518/518 557/557/557 554/554/554
f 646/646/646 660/660/660 657/657/657
f 646/646/646 657/657/657 655/655/655
f 521/521/521 543/543/543 534/534/534
f 521/521/521 534/534/534 531/531/531
f 487/487/487 486/486/486 488/488/488
f 686/686/686 681/681/681 676/676/676
f 686/686/686 676/676/676 596/596/596
f 691/691/691 685/685/685 683/683/683
f 691/691/691 683/683/683 689/689/689
f 712/712/712 709/709/709 706/706/706
f 712/712/712 706/706/706 699/699/699
f 740/740/740 746/746/746 750/750/750
f 740/740/740 750/750/750 735/735/735
f 635/635/635 642/642/642 786/786/786
f 635/635/635 786/786/786 784/784/784
f 549/549/549 539/539/539 536/536/536
f 549/549/549 536/536/536 546/546/546
f 790/790/790 793/793/793 789/789/789
f 790/790/790 789/789/789 461/461/461
f 556/556/556 562/562/562 558/558/558
f 556/556/556 558/558/558 552/552/552
f 697/697/697 694/694/694 609/609/609
f 697/697/697 609/609/609 615/615/615
f 753/753/753 759/759/759 756/756/756
f 753/753/753 756/756/756 732/732/732
f 533/533/533 542/542/542 535/535/535
f 533/533/533 535/535/535 541/541/541
f 469/469/469 468/468/468 481/481/481
f 469/469/469 481/481/481 479/479/479
f 528/528/528 504/504/504 500/500/500
f 528/528/528 500/500/500 524/524/524
f 565/565/565 567/567/567 559/559/559
f 565/565/565 559/559/559 563/563/563
f 707/707/707 705/705/705 703/703/703
f 707/707/707 703/703/703 700/700/700
f 744/744/744 747/747/747 741/741/741
f 744/744/744 741/741/741 738/738/738
f 445/445/445 446/446/446 484/484/484
f 445/445/445 484/484/484 462/462/462
f 508/508/508 512/512/512 505/505/505
f 505/505/505 510/510/510 447/447/447
f 447/447/447 449/449/449 457/457/457
f 457/457/457 598/598/598 595/595/595
f 595/595/595 652/652/652 650/650/650
f 595/595/595 650/650/650 593/593/593
f 447/447/447 457/457/457 595/595/595
f 508/508/508 505/505/505 447/447/447
f 451/451/451 508/508/508 447/447/447
f 595/595/595 593/593/593 455/455/455
f 455/455/455 451/451/451 447/447/447
f 447/447/447 595/595/595 455/455/455
f 452/452/452 579/579/579 576/576/576
f 452/452/452 576/576/576 509/509/509
f 470/470/470 605/605/605 604/604/604
f 470/470/470 604/604/604 460/460/460
f 611/611/611 613/613/613 608/608/608
f 611/611/611 608/608/608 477/477/477
f 459/459/459 603/603/603 456/456/456
f 459/459/459 456/456/456 448/448/448
f 725/725/725 696/696/696 614/614/614
f 614/614/614 612/612/612 622/622/622
f 619/619/619 725/725/725 614/614/614
f 619/619/619 614/614/614 622/622/622
f 632/632/632 639/639/639 637/637/637
f 632/632/632 637/637/637 630/630/630
f 656/656/656 649/649/649 651/651/651
f 656/656/656 651/651/651 647/647/647
f 633/633/633 782/782/782 770/770/770
f 770/770/770 773/773/773 758/758/758
f 758/758/758 752/752/752 763/763/763
f 763/763/763 765/765/765 768/768/768
f 627/627/627 631/631/631 628/628/628
f 627/627/627 628/628/628 633/633/633
f 763/763/763 768/768/768 627/627/627
f 770/770/770 758/758/758 763/763/763
f 627/627/627 633/633/633 770/770/770
f 770/770/770 763/763/763 627/627/627
f 771/771/771 779/779/779 776/776/776
f 771/771/771 776/776/776 774/774/774
f 571/571/571 583/583/583 664/664/664
f 664/664/664 662/662/662 538/538/538
f 538/538/538 548/548/548 571/571/571
f 664/664/664 538/538/538 571/571/571
f 726/726/726 728/728/728 722/722/722
f 726/726/726 722/722/722 720/720/720
f 684/684/684 680/680/680 678/678/678
f 684/684/684 678/678/678 682/682/682
f 570/570/570 575/575/575 578/578/578
f 578/578/578 582/582/582 590/590/590
f 584/584/584 570/570/570 578/578/578
f 584/584/584 578/578/578 590/590/590
f 594/594/594 597/597/597 677/677/677
f 594/594/594 677/677/677 679/679/679
f 690/690/690 687/687/687 600/600/600
f 600/600/600 472/472/472 474/474/474
f 474/474/474 478/478/478 626/626/626
f 626/626/626 767/767/767 623/623/623
f 474/474/474 626/626/626 623/623/623
f 690/690/690 600/600/600 474/474/474
f 701/701/701 704/704/704 690/690/690
f 692/692/692 701/701/701 690/690/690
f 474/474/474 623/623/623 475/475/475
f 607/607/607 692/692/692 690/690/690
f 474/474/474 475/475/475 607/607/607
f 474/474/474 607/607/607 690/690/690
f 698/698/698 702/702/702 693/693/693
f 695/695/695 723/723/723 718/718/718
f 718/718/718 715/715/715 710/710/710
f 698/698/698 693/693/693 695/695/695
f 695/695/695 718/718/718 710/710/710
f 698/698/698 695/695/695 710/710/710
f 669/669/669 671/671/671 674/674/674
f 669/669/669 674/674/674 667/667/667
f 588/588/588 653/653/653 658/658/658
f 658/658/658 672/672/672 670/670/670
f 670/670/670 586/586/586 588/588/588
f 658/658/658 670/670/670 588/588/588
f 721/721/721 714/714/714 717/717/717
f 721/721/721 717/717/717 719/719/719
f 514/514/514 511/511/511 507/507/507
f 574/574/574 572/572/572 564/564/564
f 564/564/564 561/561/561 555/555/555
f 514/514/514 507/507/507 574/574/574
f 574/574/574 564/564/564 555/555/555
f 574/574/574 555/555/555 514/514/514
f 742/742/742 761/761/761 751/751/751
f 751/751/751 729/729/729 748/748/748
f 748/748/748 745/745/745 742/742/742
f 742/742/742 751/751/751 748/748/748
f 529/529/529 532/532/532 540/540/540
f 540/540/540 663/663/663 492/492/492
f 492/492/492 496/496/496 502/502/502
f 502/502/502 526/526/526 529/529/529
f 529/529/529 540/540/540 492/492/492
f 529/529/529 492/492/492 502/502/502
f 602/602/602 606/606/606 471/471/471
f 602/602/602 471/471/471 473/473/473
f 465/465/465 463/463/463 485/485/485
f 465/465/465 485/485/485 483/483/483
f 618/618/618 731/731/731 755/755/755
f 755/755/755 644/644/644 727/727/727
f 727/727/727 724/724/724 618/618/618
f 755/755/755 727/727/727 618/618/618
f 621/621/621 625/625/625 769/769/769
f 621/621/621 769/769/769 766/766/766
f 734/734/734 617/617/617 621/621/621
f 737/737/737 739/739/739 734/734/734
f 621/621/621 766/766/766 737/737/737
f 621/621/621 737/737/737 734/734/734
f 491/491/491 495/495/495 506/506/506
f 506/506/506 513/513/513 516/516/516
f 519/519/519 547/547/547 537/537/537
f 506/506/506 516/516/516 519/519/519
f 501/501/501 491/491/491 506/506/506
f 522/522/522 525/525/525 501/501/501
f 537/537/537 544/544/544 522/522/522
f 506/506/506 519/519/519 537/537/537
f 522/522/522 501/501/501 506/506/506
f 506/506/506 537/537/537 522/522/522
f 498/498/498 493/493/493 494/494/494
f 498/498/498 494/494/494 490/490/490
f 550/550/550 545/545/545 517/517/517
f 553/553/553 560/560/560 568/568/568
f 550/550/550 517/517/517 553/553/553
f 553/553/553 568/568/568 550/550/550
f 640/640/640 645/645/645 757/757/757
f 757/757/757 778/778/778 781/781/781
f 781/781/781 787/787/787 643/643/643
f 643/643/643 638/638/638 640/640/640
f 640/640/640 757/757/757 781/781/781
f 781/781/781 643/643/643 640/640/640
f 466/466/466 788/788/788 792/792/792
f 466/466/466 792/792/792 791/791/791
f 601/601/601 688/688/688 599/599/599
f 601/601/601 599/599/599 458/458/458
o C-Mesh022_3
usemtl grey
v -38.27192783355713 17.6492862701416 60.07088851928711
v -38.26834297180176 17.646455764770508 61.47363996505737
v -38.657766342163086 17.64932632446289 60.39317607879639
v -38.6192512512207 17.649084091186523 59.602112770080566
v -33.02928161621094 17.64670753479004 59.59605836868286
v -38.61636543273926 16.84581756591797 59.59960412979126
v -33.03191089630127 16.849985122680664 59.59906721115112
v -33.02832794189453 16.847148895263672 60.996304512023926
v -33.03121280670166 17.65041732788086 60.99881172180176
v -33.500741958618164 17.65005111694336 60.06807518005371
v -33.50267219543457 17.647218704223633 61.47082996368408
v -38.659889221191406 17.646390914916992 61.47387218475342
v -39.09052658081055 17.645986557006836 60.396185874938965
v -38.62540149688721 17.64582061767578 49.17409133911133
v -39.082014083862305 17.6423282623291 48.70154571533203
v -25.881362438201904 17.647857666015625 49.1665735244751
v -25.40990447998047 17.644514083862305 48.69240379333496
v -25.41225814819336 15.142353057861328 48.690152168273926
v -25.411715507507324 17.648286819458008 50.29730987548828
v -25.883174896240234 17.64508819580078 50.769328117370605
v -25.883989810943604 16.84459114074707 49.16958427429199
v -38.62251281738281 16.842554092407227 49.17710018157959
v -25.880290031433105 16.848365783691406 50.76681709289551
v -24.93904733657837 16.870798110961914 57.16688585281372
v -13.053098678588867 16.850345611572266 60.98451900482178
v -13.051164627075195 16.853179931640625 59.5872802734375
v -22.6355619430542 16.871166229248047 57.16393756866455
v -22.619020462036133 16.870365142822266 54.5976083278656
v -20.245030403137207 16.849266052246094 50.763492584228516
v -7.513942718505859 16.850791931152344 59.5812554359436
v -7.52009391784668 16.8475284576416 49.158751487731934
v -20.24321460723877 16.845495223999023 49.16625785827637
v -20.246102333068848 17.648759841918945 49.163249015808105
v -20.242399215698242 17.6459903717041 50.76599979400635
v -20.714415550231934 17.649038314819336 50.294538497924805
v -20.718119621276855 17.645265579223633 48.69179153442383
v -7.0460052490234375 17.647451400756836 48.68372344970703
v -7.039106369018555 17.651113510131836 60.377281665802
v -7.517467498779297 17.650794982910156 49.15573978424072
v -7.511316299438477 17.65406036376953 59.5837607383728
v -13.05405044555664 17.64990234375 59.58427429199219
v -13.050464630126953 17.65361213684082 60.98702430725098
v -12.578445434570312 17.650564193725586 61.45848560333252
v -12.582035064697266 17.653396606445312 60.055734634399414
v -7.808088302612305 17.654159545898438 60.052918434143066
v -20.714959144592285 15.142524719238281 48.689300537109375
v -25.40855836868286 15.145030975341797 50.295334815979004
v -20.716773986816406 15.145780563354492 50.29256534576416
v -24.93690013885498 16.8699951171875 54.60056734085083
v -24.937913417816162 18.75262451171875 57.164146423339844
v -22.637298583984375 18.753002166748047 57.16118669509888
v -22.62032413482666 17.973756790161133 54.59787154197693
v -24.93595027923584 17.973388671875 54.600831747055054
v -7.421869277954102 17.65432357788086 60.37474822998047
v -7.41847038269043 17.651390075683594 61.455440044403076
v -7.810014724731445 17.65132713317871 61.45567321777344
vt -0.9777209758758545 -0.22471404075622559
vt -0.9781143665313721 -0.34912049770355225
vt -1.0155547857284546 -0.2536177635192871
vt -1.0113757848739624 -0.18342626094818115
vt -0.41090506315231323 -0.1958143711090088
vt -0.8897830247879028 -0.16768264770507812
vt -0.3716633915901184 -0.169877290725708
vt -0.37073642015457153 -0.324937105178833
vt -0.4100348949432373 -0.35296809673309326
vt -0.4571765661239624 -0.2380688190460205
vt -0.4563062787055969 -0.3952218294143677
vt -1.0163350105285645 -0.34946560859680176
vt -1.057800054550171 -0.2542431354522705
vt -0.9715229272842407 0.7161756157875061
vt -1.0158442258834839 0.7577072381973267
vt 0.1941012740135193 0.7025483846664429
vt 0.24037224054336548 0.7449930906295776
vt 0.17914330959320068 1.1766749620437622
vt 0.23934561014175415 0.602652907371521
vt 0.19307425618171692 0.5603989362716675
vt 0.3051328659057617 0.7006617784500122
vt -0.8772236108779907 0.7056722044944763
vt 0.3032061457633972 0.5667394399642944
vt 0.30464088916778564 0.020048141479492188
vt 1.4223214387893677 -0.35227131843566895
vt 1.4266493320465088 -0.1792149543762207
vt 0.5650793313980103 0.008449077606201172
vt 0.577953040599823 0.24493283033370972
vt 0.8252214193344116 0.5645266175270081
vt 1.9955166578292847 -0.17990946769714355
vt 2.008073568344116 0.6934453845024109
vt 0.8271503448486328 0.6984490752220154
vt 0.8982530832290649 0.6845845580101013
vt 0.8977656364440918 0.5424401760101318
vt 0.8519392013549805 0.5838624238967896
vt 0.8524277806282043 0.7260064482688904
vt 2.1347603797912598 0.6912192702293396
vt 2.107391357421875 -0.280231237411499
vt 2.088489055633545 0.6489652395248413
vt 2.061717987060547 -0.21024572849273682
vt 1.4456579685211182 -0.23628103733062744
vt 1.441511869430542 -0.3693583011627197
vt 1.4873374700546265 -0.4107809066772461
vt 1.4914828538894653 -0.27770352363586426
vt 2.0325005054473877 -0.25210094451904297
vt 0.88737952709198 1.210875391960144
vt 0.18954771757125854 0.962481677532196
vt 0.8982293605804443 0.9969209432601929
vt 0.3146171569824219 0.25935983657836914
vt 0.432945191860199 0.05721151828765869
vt 0.5225515365600586 0.05620068311691284
vt 0.5245047211647034 0.16060739755630493
vt 0.4343370795249939 0.16162484884262085
vt 2.0700292587280273 -0.28032386302948
vt 2.0697884559631348 -0.3761671781539917
vt 2.0315685272216797 -0.37651240825653076
vn -0.00019999920793013662 0.9999960600233643 -0.002799988940125743
vn -0.00019999920793013662 0.9999960600233643 -0.002799988940125743
vn -0.00019999920793013662 0.9999960600233643 -0.002799988940125743
vn -0.00019999920793013662 0.9999960600233643 -0.002799988940125743
vn -0.00019999920793013662 0.9999960600233643 -0.002799988940125743
vn -0.0009999993192620577 0.9999992550008019 0.0006999994303511857
vn -0.0009999993192620577 0.9999992550008019 0.0006999994303511857
vn -0.0009999993192620577 0.9999992550008019 0.0006999994303511857
vn -0.00019999787232700237 0.9999894001684837 0.004599951252695954
vn -0.00019999987274167084 0.9999993750006401 -0.0010999992636994025
vn -0.00019999602169357933 0.9999801355926646 0.0062998747342794485
vn -0.00019999920793013662 0.9999960600233643 -0.002799988940125743
vn -0.00019999920793013662 0.9999960600233643 -0.002799988940125743
vn -0.00019999920793013662 0.9999960600233643 -0.002799988940125743
vn -0.00019999920793013662 0.9999960600233643 -0.002799988940125743
vn -0.00019999920793013662 0.9999960600233643 -0.002799988940125743
vn -0.00019999920793013662 0.9999960600233643 -0.002799988940125743
vn -0.00009999983715115652 0.9999983750040247 -0.0017999970396169892
vn -0.00019999920793013662 0.9999960600233643 -0.002799988940125743
vn -0.00019999920793013662 0.9999960600233643 -0.002799988940125743
vn -0.0009999993192620577 0.9999992550008019 0.0006999994303511857
vn -0.0009999993192620577 0.9999992550008019 0.0006999994303511857
vn -0.0003999999578951563 0.9999999200000136 0
vn -0.0009999993192620577 0.9999992550008019 0.0006999994303511857
vn -0.0009999993192620577 0.9999992550008019 0.0006999994303511857
vn 0.00009999997448778424 0.9999997500001165 -0.0006999997923106595
vn -0.00029999999474923536 0.9999999350000031 -0.00019999998194757598
vn 0.0007999988040487173 0.9999985550030689 -0.0014999978958345375
vn 0.0007999988040487173 0.9999985550030689 -0.0014999978958345375
vn 0.0007999988040487173 0.9999985550030689 -0.0014999978958345375
vn 0.0007999988040487173 0.9999985550030689 -0.0014999978958345375
vn 0.0007999988040487173 0.9999985550030689 -0.0014999978958345375
vn -0.00019999920793013662 0.9999960600233643 -0.002799988940125743
vn -0.00019999920793013662 0.9999960600233643 -0.002799988940125743
vn -0.00019999920793013662 0.9999960600233643 -0.002799988940125743
vn -0.00019999920793013662 0.9999960600233643 -0.002799988940125743
vn -0.00019999920793013662 0.9999960600233643 -0.002799988940125743
vn -0.00019999920793013662 0.9999960600233643 -0.002799988940125743
vn -0.00019999920793013662 0.9999960600233643 -0.002799988940125743
vn -0.00019999920793013662 0.9999960600233643 -0.002799988940125743
vn -0.00019999920793013662 0.9999960600233643 -0.002799988940125743
vn -0.00019999787232700237 0.9999894001684837 0.004599951252695954
vn -0.00019999602169357933 0.9999801355926646 0.0062998747342794485
vn -0.00019999987274167084 0.9999993750006401 -0.0010999992636994025
vn -0.00019999920793013662 0.9999960600233643 -0.002799988940125743
vn -0.00009999983715115652 0.9999983750040247 -0.0017999970396169892
vn -0.00009999983715115652 0.9999983750040247 -0.0017999970396169892
vn -0.00009999983715115652 0.9999983750040247 -0.0017999970396169892
vn -0.00029999999474923536 0.9999999350000031 -0.00019999998194757598
vn -0.0004999777158095647 0.9567572794871471 -0.29088701959805047
vn -0.0004999777158095647 0.9567572794871471 -0.29088701959805047
vn -0.0004999777158095647 0.9567572794871471 -0.29088701959805047
vn -0.0004999777158095647 0.9567572794871471 -0.29088701959805047
vn -0.00019999920793013662 0.9999960600233643 -0.002799988940125743
vn -0.00019999920793013662 0.9999960600233643 -0.002799988940125743
vn -0.00019999920793013662 0.9999960600233643 -0.002799988940125743
f 821/821/821 820/820/820 819/819/819
f 819/819/819 823/823/823 824/824/824
f 824/824/824 825/825/825 822/822/822
f 822/822/822 816/816/816 842/842/842
f 821/821/821 819/819/819 824/824/824
f 822/822/822 842/842/842 821/821/821
f 821/821/821 824/824/824 822/822/822
f 834/834/834 835/835/835 837/837/837
f 838/838/838 849/849/849 848/848/848
f 834/834/834 837/837/837 838/838/838
f 833/833/833 834/834/834 838/838/838
f 838/838/838 848/848/848 847/847/847
f 847/847/847 831/831/831 830/830/830
f 808/808/808 806/806/806 796/796/796
f 796/796/796 805/805/805 795/795/795
f 796/796/796 795/795/795 794/794/794
f 833/833/833 838/838/838 847/847/847
f 832/832/832 833/833/833 847/847/847
f 803/803/803 802/802/802 798/798/798
f 803/803/803 798/798/798 797/797/797
f 794/794/794 803/803/803 797/797/797
f 796/796/796 794/794/794 797/797/797
f 832/832/832 847/847/847 830/830/830
f 826/826/826 832/832/832 830/830/830
f 808/808/808 796/796/796 797/797/797
f 808/808/808 797/797/797 807/807/807
f 826/826/826 830/830/830 829/829/829
f 808/808/808 807/807/807 809/809/809
f 826/826/826 829/829/829 828/828/828
f 810/810/810 808/808/808 809/809/809
f 812/812/812 810/810/810 809/809/809
f 827/827/827 826/826/826 828/828/828
f 812/812/812 809/809/809 813/813/813
f 827/827/827 828/828/828 812/812/812
f 812/812/812 813/813/813 827/827/827
f 840/840/840 841/841/841 839/839/839
f 840/840/840 839/839/839 811/811/811
f 845/845/845 846/846/846 843/843/843
f 845/845/845 843/843/843 844/844/844
f 836/836/836 837/837/837 835/835/835
f 802/802/802 803/803/803 804/804/804
f 836/836/836 835/835/835 802/802/802
f 804/804/804 836/836/836 802/802/802
f 800/800/800 801/801/801 818/818/818
f 818/818/818 819/819/819 820/820/820
f 817/817/817 842/842/842 816/816/816
f 818/818/818 820/820/820 817/817/817
f 815/815/815 799/799/799 800/800/800
f 800/800/800 818/818/818 817/817/817
f 816/816/816 814/814/814 815/815/815
f 800/800/800 817/817/817 816/816/816
f 816/816/816 815/815/815 800/800/800
